countyID,countyName,state,size
01001,Autauga County,AL,604
01003,Baldwin County,AL,2027
01005,Barbour County,AL,905
01007,Bibb County,AL,626
01009,Blount County,AL,651
01011,Bullock County,AL,626
01013,Butler County,AL,778
01015,Calhoun County,AL,612
01017,Chambers County,AL,603
01019,Cherokee County,AL,600
01021,Chilton County,AL,701
01023,Choctaw County,AL,921
01025,Clarke County,AL,1253
01027,Clay County,AL,606
01029,Cleburne County,AL,561
01031,Coffee County,AL,681
01033,Colbert County,AL,624
01035,Conecuh County,AL,853
01037,Coosa County,AL,666
01039,Covington County,AL,1044
01041,Crenshaw County,AL,611
01043,Cullman County,AL,755
01045,Dale County,AL,563
01047,Dallas County,AL,993
01049,DeKalb County,AL,779
01051,Elmore County,AL,657
01053,Escambia County,AL,953
01055,Etowah County,AL,549
01057,Fayette County,AL,629
01059,Franklin County,AL,647
01061,Geneva County,AL,579
01063,Greene County,AL,660
01065,Hale County,AL,657
01067,Henry County,AL,568
01069,Houston County,AL,582
01071,Jackson County,AL,1127
01073,Jefferson County,AL,1124
01075,Lamar County,AL,606
01077,Lauderdale County,AL,719
01079,Lawrence County,AL,718
01081,Lee County,AL,616
01083,Limestone County,AL,607
01085,Lowndes County,AL,725
01087,Macon County,AL,613
01089,Madison County,AL,813
01091,Marengo County,AL,983
01093,Marion County,AL,744
01095,Marshall County,AL,623
01097,Mobile County,AL,1644
01099,Monroe County,AL,1035
01101,Montgomery County,AL,800
01103,Morgan County,AL,599
01105,Perry County,AL,724
01107,Pickens County,AL,890
01109,Pike County,AL,672
01111,Randolph County,AL,584
01113,Russell County,AL,647
01115,St. Clair County,AL,654
01117,Shelby County,AL,810
01119,Sumter County,AL,913
01121,Talladega County,AL,760
01123,Tallapoosa County,AL,766
01125,Tuscaloosa County,AL,1352
01127,Walker County,AL,805
01129,Washington County,AL,1089
01131,Wilcox County,AL,908
01133,Winston County,AL,632
02013,Aleutians East Borough,AK,15012
02016,Aleutians West Census Area,AK,14115
02020,Anchorage Municipality,AK,1962
02050,Bethel Census Area,AK,45955
02060,Bristol Bay Borough,AK,918
02068,Denali Borough,AK,0
02070,Dillingham Census Area,AK,20613
02090,Fairbanks North Star Borough,AK,7444
02100,Haines Borough,AK,2754
02105,Hoonah-Angoon Census Area,AK,17500
02110,Juneau City and Borough,AK,3081
02122,Kenai Peninsula Borough,AK,21664
02130,Ketchikan Gateway Borough,AK,1744
02150,Kodiak Island Borough,AK,11846
02158,Kusilvak Census Area,AK,19673
02164,Lake and Peninsula Borough,AK,29008
02170,Matanuska-Susitna Borough,AK,25232
02180,Nome Census Area,AK,28276
02185,North Slope Borough,AK,93823
02188,Northwest Arctic Borough,AK,40661
02195,Petersburg Borough,AK,8974
02198,Prince of Wales-Hyder Census Area,AK,12566
02220,Sitka City and Borough,AK,4850
02230,Skagway Municipality,AK,0
02240,Southeast Fairbanks Census Area,AK,26235
02261,Valdez-Cordova Census Area,AK,43516
02270,Wade Hampton Census Area,AK,19680
02275,Wrangell City and Borough,AK,0
02282,Yakutat City and Borough,AK,0
02290,Yukon-Koyukuk Census Area,AK,158996
04001,Apache County,AZ,11219
04003,Cochise County,AZ,6219
04005,Coconino County,AZ,18663
04007,Gila County,AZ,4796
04009,Graham County,AZ,4641
04011,Greenlee County,AZ,1849
04012,La Paz County,AZ,4514
04013,Maricopa County,AZ,9225
04015,Mohave County,AZ,13471
04017,Navajo County,AZ,9960
04019,Pima County,AZ,9189
04021,Pinal County,AZ,5374
04023,Santa Cruz County,AZ,1238
04025,Yavapai County,AZ,8128
04027,Yuma County,AZ,5519
05001,Arkansas County,AR,1034
05003,Ashley County,AR,939
05005,Baxter County,AR,587
05007,Benton County,AR,877
05009,Boone County,AR,602
05011,Bradley County,AR,654
05013,Calhoun County,AR,633
05015,Carroll County,AR,642
05017,Chicot County,AR,691
05019,Clark County,AR,883
05021,Clay County,AR,641
05023,Cleburne County,AR,592
05025,Cleveland County,AR,599
05027,Columbia County,AR,767
05029,Conway County,AR,567
05031,Craighead County,AR,713
05033,Crawford County,AR,604
05035,Crittenden County,AR,637
05037,Cross County,AR,622
05039,Dallas County,AR,668
05041,Desha County,AR,820
05043,Drew County,AR,836
05045,Faulkner County,AR,664
05047,Franklin County,AR,620
05049,Fulton County,AR,620
05051,Garland County,AR,735
05053,Grant County,AR,633
05055,Greene County,AR,580
05057,Hempstead County,AR,741
05059,Hot Spring County,AR,622
05061,Howard County,AR,595
05063,Independence County,AR,772
05065,Izard County,AR,584
05067,Jackson County,AR,642
05069,Jefferson County,AR,914
05071,Johnson County,AR,683
05073,Lafayette County,AR,545
05075,Lawrence County,AR,592
05077,Lee County,AR,620
05079,Lincoln County,AR,572
05081,Little River County,AR,565
05083,Logan County,AR,732
05085,Lonoke County,AR,802
05087,Madison County,AR,837
05089,Marion County,AR,640
05091,Miller County,AR,638
05093,Mississippi County,AR,920
05095,Monroe County,AR,621
05097,Montgomery County,AR,800
05099,Nevada County,AR,621
05101,Newton County,AR,823
05103,Ouachita County,AR,740
05105,Perry County,AR,561
05107,Phillips County,AR,727
05109,Pike County,AR,614
05111,Poinsett County,AR,763
05113,Polk County,AR,862
05115,Pope County,AR,831
05117,Prairie County,AR,676
05119,Pulaski County,AR,808
05121,Randolph County,AR,656
05123,St. Francis County,AR,642
05125,Saline County,AR,731
05127,Scott County,AR,898
05129,Searcy County,AR,669
05131,Sebastian County,AR,546
05133,Sevier County,AR,581
05135,Sharp County,AR,606
05137,Stone County,AR,609
05139,Union County,AR,1055
05141,Van Buren County,AR,724
05143,Washington County,AR,956
05145,White County,AR,1042
05147,Woodruff County,AR,594
05149,Yell County,AR,949
06001,Alameda County,CA,821
06003,Alpine County,CA,743
06005,Amador County,CA,604
06007,Butte County,CA,1677
06009,Calaveras County,CA,1037
06011,Colusa County,CA,1156
06013,Contra Costa County,CA,802
06015,Del Norte County,CA,1230
06017,El Dorado County,CA,1791
06019,Fresno County,CA,6018
06021,Glenn County,CA,1327
06023,Humboldt County,CA,4053
06025,Imperial County,CA,4482
06027,Inyo County,CA,10228
06029,Kern County,CA,8162
06031,Kings County,CA,1392
06033,Lake County,CA,1330
06035,Lassen County,CA,4721
06037,Los Angeles County,CA,4752
06039,Madera County,CA,2153
06041,Marin County,CA,828
06043,Mariposa County,CA,1463
06045,Mendocino County,CA,3879
06047,Merced County,CA,1972
06049,Modoc County,CA,4204
06051,Mono County,CA,3132
06053,Monterey County,CA,3771
06055,Napa County,CA,788
06057,Nevada County,CA,975
06059,Orange County,CA,948
06061,Placer County,CA,1500
06063,Plumas County,CA,2614
06065,Riverside County,CA,7304
06067,Sacramento County,CA,996
06069,San Benito County,CA,1391
06071,San Bernardino County,CA,20106
06073,San Diego County,CA,4526
06075,San Francisco County,CA,232
06077,San Joaquin County,CA,1426
06079,San Luis Obispo County,CA,3616
06081,San Mateo County,CA,741
06083,Santa Barbara County,CA,3790
06085,Santa Clara County,CA,1305
06087,Santa Cruz County,CA,608
06089,Shasta County,CA,3848
06091,Sierra County,CA,962
06093,Siskiyou County,CA,6348
06095,Solano County,CA,907
06097,Sonoma County,CA,1768
06099,Stanislaus County,CA,1515
06101,Sutter County,CA,609
06103,Tehama County,CA,2962
06105,Trinity County,CA,3208
06107,Tulare County,CA,4839
06109,Tuolumne County,CA,2275
06111,Ventura County,CA,2208
06113,Yolo County,CA,1023
06115,Yuba County,CA,644
08001,Adams County,CO,1198
08003,Alamosa County,CO,724
08005,Arapahoe County,CO,805
08007,Archuleta County,CO,1355
08009,Baca County,CO,2557
08011,Bent County,CO,1541
08013,Boulder County,CO,751
08014,Broomfield County,CO,0
08015,Chaffee County,CO,1015
08017,Cheyenne County,CO,1782
08019,Clear Creek County,CO,396
08021,Conejos County,CO,1291
08023,Costilla County,CO,1231
08025,Crowley County,CO,800
08027,Custer County,CO,740
08029,Delta County,CO,1149
08031,Denver County,CO,155
08033,Dolores County,CO,1068
08035,Douglas County,CO,843
08037,Eagle County,CO,1692
08039,Elbert County,CO,1851
08041,El Paso County,CO,2130
08043,Fremont County,CO,1534
08045,Garfield County,CO,2956
08047,Gilpin County,CO,150
08049,Grand County,CO,1870
08051,Gunnison County,CO,3260
08053,Hinsdale County,CO,1123
08055,Huerfano County,CO,1593
08057,Jackson County,CO,1621
08059,Jefferson County,CO,778
08061,Kiowa County,CO,1786
08063,Kit Carson County,CO,2162
08065,Lake County,CO,384
08067,La Plata County,CO,1700
08069,Larimer County,CO,2634
08071,Las Animas County,CO,4776
08073,Lincoln County,CO,2587
08075,Logan County,CO,1845
08077,Mesa County,CO,3341
08079,Mineral County,CO,878
08081,Moffat County,CO,4751
08083,Montezuma County,CO,2040
08085,Montrose County,CO,2243
08087,Morgan County,CO,1294
08089,Otero County,CO,1270
08091,Ouray County,CO,542
08093,Park County,CO,2211
08095,Phillips County,CO,688
08097,Pitkin County,CO,973
08099,Prowers County,CO,1644
08101,Pueblo County,CO,2398
08103,Rio Blanco County,CO,3223
08105,Rio Grande County,CO,913
08107,Routt County,CO,2368
08109,Saguache County,CO,3170
08111,San Juan County,CO,388
08113,San Miguel County,CO,1289
08115,Sedgwick County,CO,550
08117,Summit County,CO,619
08119,Teller County,CO,559
08121,Washington County,CO,2524
08123,Weld County,CO,4022
08125,Yuma County,CO,2369
09001,Fairfield County,CT,837
09003,Hartford County,CT,751
09005,Litchfield County,CT,945
09007,Middlesex County,CT,439
09009,New Haven County,CT,862
09011,New London County,CT,772
09013,Tolland County,CT,417
09015,Windham County,CT,522
10001,Kent County,DE,800
10003,New Castle County,DE,494
10005,Sussex County,DE,1196
11001,District of Columbia,DC,68
12001,Alachua County,FL,969
12003,Baker County,FL,589
12005,Bay County,FL,1033
12007,Bradford County,FL,300
12009,Brevard County,FL,1557
12011,Broward County,FL,1320
12013,Calhoun County,FL,574
12015,Charlotte County,FL,859
12017,Citrus County,FL,773
12019,Clay County,FL,644
12021,Collier County,FL,2305
12023,Columbia County,FL,801
12027,DeSoto County,FL,640
12029,Dixie County,FL,864
12031,Duval County,FL,918
12033,Escambia County,FL,894
12035,Flagler County,FL,571
12037,Franklin County,FL,1026
12039,Gadsden County,FL,529
12041,Gilchrist County,FL,355
12043,Glades County,FL,986
12045,Gulf County,FL,756
12047,Hamilton County,FL,519
12049,Hardee County,FL,638
12051,Hendry County,FL,1190
12053,Hernando County,FL,589
12055,Highlands County,FL,1106
12057,Hillsborough County,FL,1266
12059,Holmes County,FL,489
12061,Indian River County,FL,617
12063,Jackson County,FL,955
12065,Jefferson County,FL,637
12067,Lafayette County,FL,548
12069,Lake County,FL,1157
12071,Lee County,FL,1212
12073,Leon County,FL,702
12075,Levy County,FL,1412
12077,Liberty County,FL,843
12079,Madison County,FL,716
12081,Manatee County,FL,893
12083,Marion County,FL,1663
12085,Martin County,FL,753
12086,Miami-Dade County,FL,2430
12087,Monroe County,FL,3737
12089,Nassau County,FL,726
12091,Okaloosa County,FL,1082
12093,Okeechobee County,FL,892
12095,Orange County,FL,1004
12097,Osceola County,FL,1506
12099,Palm Beach County,FL,2387
12101,Pasco County,FL,868
12103,Pinellas County,FL,608
12105,Polk County,FL,2010
12107,Putnam County,FL,827
12109,St. Johns County,FL,821
12111,St. Lucie County,FL,688
12113,Santa Rosa County,FL,1155
12115,Sarasota County,FL,725
12117,Seminole County,FL,345
12119,Sumter County,FL,580
12121,Suwannee County,FL,692
12123,Taylor County,FL,1232
12125,Union County,FL,250
12127,Volusia County,FL,1433
12129,Wakulla County,FL,736
12131,Walton County,FL,1238
12133,Washington County,FL,616
13001,Appling County,GA,512
13003,Atkinson County,GA,344
13005,Bacon County,GA,286
13007,Baker County,GA,349
13009,Baldwin County,GA,268
13011,Banks County,GA,234
13013,Barrow County,GA,163
13015,Bartow County,GA,471
13017,Ben Hill County,GA,254
13019,Berrien County,GA,458
13021,Bibb County,GA,255
13023,Bleckley County,GA,219
13025,Brantley County,GA,447
13027,Brooks County,GA,498
13029,Bryan County,GA,455
13031,Bulloch County,GA,689
13033,Burke County,GA,835
13035,Butts County,GA,190
13037,Calhoun County,GA,284
13039,Camden County,GA,783
13043,Candler County,GA,249
13045,Carroll County,GA,504
13047,Catoosa County,GA,163
13049,Charlton County,GA,783
13051,Chatham County,GA,646
13053,Chattahoochee County,GA,251
13055,Chattooga County,GA,314
13057,Cherokee County,GA,434
13059,Clarke County,GA,121
13061,Clay County,GA,217
13063,Clayton County,GA,144
13065,Clinch County,GA,824
13067,Cobb County,GA,345
13069,Coffee County,GA,603
13071,Colquitt County,GA,557
13073,Columbia County,GA,308
13075,Cook County,GA,233
13077,Coweta County,GA,446
13079,Crawford County,GA,326
13081,Crisp County,GA,281
13083,Dade County,GA,174
13085,Dawson County,GA,214
13087,Decatur County,GA,623
13089,DeKalb County,GA,271
13091,Dodge County,GA,503
13093,Dooly County,GA,397
13095,Dougherty County,GA,335
13097,Douglas County,GA,200
13099,Early County,GA,516
13101,Echols County,GA,421
13103,Effingham County,GA,483
13105,Elbert County,GA,375
13107,Emanuel County,GA,690
13109,Evans County,GA,187
13111,Fannin County,GA,391
13113,Fayette County,GA,199
13115,Floyd County,GA,519
13117,Forsyth County,GA,247
13119,Franklin County,GA,266
13121,Fulton County,GA,535
13123,Gilmer County,GA,432
13125,Glascock County,GA,144
13127,Glynn County,GA,583
13129,Gordon County,GA,358
13131,Grady County,GA,460
13133,Greene County,GA,406
13135,Gwinnett County,GA,437
13137,Habersham County,GA,279
13139,Hall County,GA,429
13141,Hancock County,GA,479
13143,Haralson County,GA,283
13145,Harris County,GA,473
13147,Hart County,GA,256
13149,Heard County,GA,301
13151,Henry County,GA,324
13153,Houston County,GA,380
13155,Irwin County,GA,363
13157,Jackson County,GA,343
13159,Jasper County,GA,374
13161,Jeff Davis County,GA,335
13163,Jefferson County,GA,530
13165,Jenkins County,GA,352
13167,Johnson County,GA,307
13169,Jones County,GA,395
13171,Lamar County,GA,186
13173,Lanier County,GA,200
13175,Laurens County,GA,819
13177,Lee County,GA,362
13179,Liberty County,GA,603
13181,Lincoln County,GA,257
13183,Long County,GA,404
13185,Lowndes County,GA,511
13187,Lumpkin County,GA,285
13189,McDuffie County,GA,266
13191,McIntosh County,GA,575
13193,Macon County,GA,406
13195,Madison County,GA,286
13197,Marion County,GA,368
13199,Meriwether County,GA,505
13201,Miller County,GA,284
13205,Mitchell County,GA,514
13207,Monroe County,GA,398
13209,Montgomery County,GA,247
13211,Morgan County,GA,355
13213,Murray County,GA,347
13215,Muscogee County,GA,221
13217,Newton County,GA,279
13219,Oconee County,GA,186
13221,Oglethorpe County,GA,442
13223,Paulding County,GA,315
13225,Peach County,GA,151
13227,Pickens County,GA,233
13229,Pierce County,GA,344
13231,Pike County,GA,219
13233,Polk County,GA,312
13235,Pulaski County,GA,250
13237,Putnam County,GA,361
13239,Quitman County,GA,161
13241,Rabun County,GA,377
13243,Randolph County,GA,431
13245,Richmond County,GA,329
13247,Rockdale County,GA,132
13249,Schley County,GA,168
13251,Screven County,GA,656
13253,Seminole County,GA,257
13255,Spalding County,GA,200
13257,Stephens County,GA,184
13259,Stewart County,GA,463
13261,Sumter County,GA,493
13263,Talbot County,GA,395
13265,Taliaferro County,GA,195
13267,Tattnall County,GA,488
13269,Taylor County,GA,380
13271,Telfair County,GA,444
13273,Terrell County,GA,338
13275,Thomas County,GA,552
13277,Tift County,GA,269
13279,Toombs County,GA,369
13281,Towns County,GA,172
13283,Treutlen County,GA,202
13285,Troup County,GA,446
13287,Turner County,GA,290
13289,Twiggs County,GA,363
13291,Union County,GA,329
13293,Upson County,GA,328
13295,Walker County,GA,447
13297,Walton County,GA,330
13299,Ware County,GA,907
13301,Warren County,GA,287
13303,Washington County,GA,684
13305,Wayne County,GA,649
13307,Webster County,GA,210
13309,Wheeler County,GA,300
13311,White County,GA,242
13313,Whitfield County,GA,291
13315,Wilcox County,GA,383
13317,Wilkes County,GA,474
13319,Wilkinson County,GA,452
13321,Worth County,GA,575
15001,Hawaii County,HI,5087
15003,Honolulu County,HI,2127
15005,Kalawao County,HI,52
15007,Kauai County,HI,1266
15009,Maui County,HI,2399
16001,Ada County,ID,1060
16003,Adams County,ID,1370
16005,Bannock County,ID,1148
16007,Bear Lake County,ID,1049
16009,Benewah County,ID,784
16011,Bingham County,ID,2120
16013,Blaine County,ID,2661
16015,Boise County,ID,1907
16017,Bonner County,ID,1920
16019,Bonneville County,ID,1901
16021,Boundary County,ID,1278
16023,Butte County,ID,2234
16025,Camas County,ID,1079
16027,Canyon County,ID,604
16029,Caribou County,ID,1799
16031,Cassia County,ID,2580
16033,Clark County,ID,1765
16035,Clearwater County,ID,2488
16037,Custer County,ID,4937
16039,Elmore County,ID,3101
16041,Franklin County,ID,668
16043,Fremont County,ID,1896
16045,Gem County,ID,566
16047,Gooding County,ID,734
16049,Idaho County,ID,8503
16051,Jefferson County,ID,1106
16053,Jerome County,ID,602
16055,Kootenai County,ID,1316
16057,Latah County,ID,1077
16059,Lemhi County,ID,4570
16061,Lewis County,ID,480
16063,Lincoln County,ID,1206
16065,Madison County,ID,473
16067,Minidoka County,ID,763
16069,Nez Perce County,ID,856
16071,Oneida County,ID,1202
16073,Owyhee County,ID,7697
16075,Payette County,ID,410
16077,Power County,ID,1443
16079,Shoshone County,ID,2636
16081,Teton County,ID,451
16083,Twin Falls County,ID,1929
16085,Valley County,ID,3734
16087,Washington County,ID,1474
17001,Adams County,IL,871
17003,Alexander County,IL,253
17005,Bond County,IL,383
17007,Boone County,IL,282
17009,Brown County,IL,307
17011,Bureau County,IL,873
17013,Calhoun County,IL,284
17015,Carroll County,IL,466
17017,Cass County,IL,384
17019,Champaign County,IL,998
17021,Christian County,IL,716
17023,Clark County,IL,505
17025,Clay County,IL,470
17027,Clinton County,IL,504
17029,Coles County,IL,510
17031,Cook County,IL,1635
17033,Crawford County,IL,446
17035,Cumberland County,IL,347
17037,DeKalb County,IL,635
17039,De Witt County,IL,405
17041,Douglas County,IL,417
17043,DuPage County,IL,337
17045,Edgar County,IL,624
17047,Edwards County,IL,223
17049,Effingham County,IL,480
17051,Fayette County,IL,725
17053,Ford County,IL,486
17055,Franklin County,IL,431
17057,Fulton County,IL,883
17059,Gallatin County,IL,328
17061,Greene County,IL,546
17063,Grundy County,IL,430
17065,Hamilton County,IL,436
17067,Hancock County,IL,815
17069,Hardin County,IL,182
17071,Henderson County,IL,395
17073,Henry County,IL,826
17075,Iroquois County,IL,1118
17077,Jackson County,IL,603
17079,Jasper County,IL,498
17081,Jefferson County,IL,584
17083,Jersey County,IL,377
17085,Jo Daviess County,IL,619
17087,Johnson County,IL,349
17089,Kane County,IL,524
17091,Kankakee County,IL,681
17093,Kendall County,IL,323
17095,Knox County,IL,720
17097,Lake County,IL,1368
17099,LaSalle County,IL,1148
17101,Lawrence County,IL,374
17103,Lee County,IL,729
17105,Livingston County,IL,1045
17107,Logan County,IL,619
17109,McDonough County,IL,590
17111,McHenry County,IL,611
17113,McLean County,IL,1186
17115,Macon County,IL,585
17117,Macoupin County,IL,868
17119,Madison County,IL,740
17121,Marion County,IL,576
17123,Marshall County,IL,399
17125,Mason County,IL,563
17127,Massac County,IL,242
17129,Menard County,IL,315
17131,Mercer County,IL,569
17133,Monroe County,IL,398
17135,Montgomery County,IL,710
17137,Morgan County,IL,572
17139,Moultrie County,IL,344
17141,Ogle County,IL,763
17143,Peoria County,IL,631
17145,Perry County,IL,447
17147,Piatt County,IL,440
17149,Pike County,IL,849
17151,Pope County,IL,375
17153,Pulaski County,IL,203
17155,Putnam County,IL,172
17157,Randolph County,IL,597
17159,Richland County,IL,362
17161,Rock Island County,IL,451
17163,St. Clair County,IL,674
17165,Saline County,IL,387
17167,Sangamon County,IL,877
17169,Schuyler County,IL,441
17171,Scott County,IL,253
17173,Shelby County,IL,768
17175,Stark County,IL,288
17177,Stephenson County,IL,565
17179,Tazewell County,IL,658
17181,Union County,IL,422
17183,Vermilion County,IL,902
17185,Wabash County,IL,228
17187,Warren County,IL,543
17189,Washington County,IL,564
17191,Wayne County,IL,716
17193,White County,IL,502
17195,Whiteside County,IL,697
17197,Will County,IL,849
17199,Williamson County,IL,444
17201,Winnebago County,IL,519
17203,Woodford County,IL,543
18001,Adams County,IN,340
18003,Allen County,IN,660
18005,Bartholomew County,IN,409
18007,Benton County,IN,406
18009,Blackford County,IN,165
18011,Boone County,IN,423
18013,Brown County,IN,317
18015,Carroll County,IN,375
18017,Cass County,IN,415
18019,Clark County,IN,376
18021,Clay County,IN,360
18023,Clinton County,IN,405
18025,Crawford County,IN,309
18027,Daviess County,IN,437
18029,Dearborn County,IN,307
18031,Decatur County,IN,373
18033,DeKalb County,IN,364
18035,Delaware County,IN,396
18037,Dubois County,IN,435
18039,Elkhart County,IN,468
18041,Fayette County,IN,215
18043,Floyd County,IN,148
18045,Fountain County,IN,398
18047,Franklin County,IN,391
18049,Fulton County,IN,371
18051,Gibson County,IN,499
18053,Grant County,IN,415
18055,Greene County,IN,546
18057,Hamilton County,IN,403
18059,Hancock County,IN,307
18061,Harrison County,IN,487
18063,Hendricks County,IN,409
18065,Henry County,IN,395
18067,Howard County,IN,294
18069,Huntington County,IN,388
18071,Jackson County,IN,514
18073,Jasper County,IN,561
18075,Jay County,IN,384
18077,Jefferson County,IN,363
18079,Jennings County,IN,378
18081,Johnson County,IN,322
18083,Knox County,IN,524
18085,Kosciusko County,IN,554
18087,LaGrange County,IN,387
18089,Lake County,IN,626
18091,LaPorte County,IN,613
18093,Lawrence County,IN,452
18095,Madison County,IN,453
18097,Marion County,IN,403
18099,Marshall County,IN,450
18101,Martin County,IN,341
18103,Miami County,IN,377
18105,Monroe County,IN,411
18107,Montgomery County,IN,505
18109,Morgan County,IN,409
18111,Newton County,IN,404
18113,Noble County,IN,418
18115,Ohio County,IN,87
18117,Orange County,IN,408
18119,Owen County,IN,388
18121,Parke County,IN,450
18123,Perry County,IN,386
18125,Pike County,IN,341
18127,Porter County,IN,522
18129,Posey County,IN,419
18131,Pulaski County,IN,435
18133,Putnam County,IN,483
18135,Randolph County,IN,453
18137,Ripley County,IN,448
18139,Rush County,IN,409
18141,St. Joseph County,IN,461
18143,Scott County,IN,193
18145,Shelby County,IN,413
18147,Spencer County,IN,401
18149,Starke County,IN,312
18151,Steuben County,IN,323
18153,Sullivan County,IN,454
18155,Switzerland County,IN,224
18157,Tippecanoe County,IN,503
18159,Tipton County,IN,260
18161,Union County,IN,165
18163,Vanderburgh County,IN,236
18165,Vermillion County,IN,260
18167,Vigo County,IN,411
18169,Wabash County,IN,421
18171,Warren County,IN,367
18173,Warrick County,IN,391
18175,Washington County,IN,517
18177,Wayne County,IN,404
18179,Wells County,IN,370
18181,White County,IN,509
18183,Whitley County,IN,338
19001,Adair County,IA,570
19003,Adams County,IA,425
19005,Allamakee County,IA,659
19007,Appanoose County,IA,516
19009,Audubon County,IA,444
19011,Benton County,IA,719
19013,Black Hawk County,IA,572
19015,Boone County,IA,574
19017,Bremer County,IA,440
19019,Buchanan County,IA,573
19021,Buena Vista County,IA,580
19023,Butler County,IA,582
19025,Calhoun County,IA,572
19027,Carroll County,IA,570
19029,Cass County,IA,565
19031,Cedar County,IA,582
19033,Cerro Gordo County,IA,575
19035,Cherokee County,IA,577
19037,Chickasaw County,IA,506
19039,Clarke County,IA,432
19041,Clay County,IA,573
19043,Clayton County,IA,793
19045,Clinton County,IA,710
19047,Crawford County,IA,715
19049,Dallas County,IA,592
19051,Davis County,IA,505
19053,Decatur County,IA,533
19055,Delaware County,IA,579
19057,Des Moines County,IA,430
19059,Dickinson County,IA,404
19061,Dubuque County,IA,617
19063,Emmet County,IA,402
19065,Fayette County,IA,731
19067,Floyd County,IA,501
19069,Franklin County,IA,583
19071,Fremont County,IA,517
19073,Greene County,IA,571
19075,Grundy County,IA,503
19077,Guthrie County,IA,593
19079,Hamilton County,IA,577
19081,Hancock County,IA,573
19083,Hardin County,IA,570
19085,Harrison County,IA,701
19087,Henry County,IA,437
19089,Howard County,IA,474
19091,Humboldt County,IA,436
19093,Ida County,IA,432
19095,Iowa County,IA,587
19097,Jackson County,IA,650
19099,Jasper County,IA,733
19101,Jefferson County,IA,437
19103,Johnson County,IA,623
19105,Jones County,IA,577
19107,Keokuk County,IA,580
19109,Kossuth County,IA,974
19111,Lee County,IA,539
19113,Linn County,IA,725
19115,Louisa County,IA,418
19117,Lucas County,IA,434
19119,Lyon County,IA,588
19121,Madison County,IA,562
19123,Mahaska County,IA,573
19125,Marion County,IA,571
19127,Marshall County,IA,573
19129,Mills County,IA,440
19131,Mitchell County,IA,469
19133,Monona County,IA,699
19135,Monroe County,IA,434
19137,Montgomery County,IA,425
19139,Muscatine County,IA,449
19141,O'Brien County,IA,573
19143,Osceola County,IA,400
19145,Page County,IA,535
19147,Palo Alto County,IA,569
19149,Plymouth County,IA,864
19151,Pocahontas County,IA,579
19153,Polk County,IA,592
19155,Pottawattamie County,IA,960
19157,Poweshiek County,IA,586
19159,Ringgold County,IA,539
19161,Sac County,IA,578
19163,Scott County,IA,468
19165,Shelby County,IA,591
19167,Sioux County,IA,769
19169,Story County,IA,574
19171,Tama County,IA,722
19173,Taylor County,IA,535
19175,Union County,IA,426
19177,Van Buren County,IA,491
19179,Wapello County,IA,436
19181,Warren County,IA,573
19183,Washington County,IA,571
19185,Wayne County,IA,527
19187,Webster County,IA,718
19189,Winnebago County,IA,402
19191,Winneshiek County,IA,690
19193,Woodbury County,IA,877
19195,Worth County,IA,402
19197,Wright County,IA,583
20001,Allen County,KS,505
20003,Anderson County,KS,584
20005,Atchison County,KS,435
20007,Barber County,KS,1136
20009,Barton County,KS,901
20011,Bourbon County,KS,639
20013,Brown County,KS,572
20015,Butler County,KS,1446
20017,Chase County,KS,778
20019,Chautauqua County,KS,645
20021,Cherokee County,KS,591
20023,Cheyenne County,KS,1021
20025,Clark County,KS,977
20027,Clay County,KS,655
20029,Cloud County,KS,719
20031,Coffey County,KS,655
20033,Comanche County,KS,790
20035,Cowley County,KS,1133
20037,Crawford County,KS,595
20039,Decatur County,KS,894
20041,Dickinson County,KS,853
20043,Doniphan County,KS,397
20045,Douglas County,KS,475
20047,Edwards County,KS,622
20049,Elk County,KS,650
20051,Ellis County,KS,901
20053,Ellsworth County,KS,723
20055,Finney County,KS,1303
20057,Ford County,KS,1099
20059,Franklin County,KS,577
20061,Geary County,KS,404
20063,Gove County,KS,1072
20065,Graham County,KS,899
20067,Grant County,KS,575
20069,Gray County,KS,869
20071,Greeley County,KS,778
20073,Greenwood County,KS,1153
20075,Hamilton County,KS,998
20077,Harper County,KS,803
20079,Harvey County,KS,541
20081,Haskell County,KS,578
20083,Hodgeman County,KS,860
20085,Jackson County,KS,658
20087,Jefferson County,KS,557
20089,Jewell County,KS,915
20091,Johnson County,KS,480
20093,Kearny County,KS,872
20095,Kingman County,KS,867
20097,Kiowa County,KS,723
20099,Labette County,KS,653
20101,Lane County,KS,717
20103,Leavenworth County,KS,468
20105,Lincoln County,KS,720
20107,Linn County,KS,606
20109,Logan County,KS,1073
20111,Lyon County,KS,855
20113,McPherson County,KS,901
20115,Marion County,KS,954
20117,Marshall County,KS,904
20119,Meade County,KS,980
20121,Miami County,KS,590
20123,Mitchell County,KS,719
20125,Montgomery County,KS,651
20127,Morris County,KS,703
20129,Morton County,KS,730
20131,Nemaha County,KS,719
20133,Neosho County,KS,578
20135,Ness County,KS,1075
20137,Norton County,KS,881
20139,Osage County,KS,719
20141,Osborne County,KS,894
20143,Ottawa County,KS,722
20145,Pawnee County,KS,755
20147,Phillips County,KS,895
20149,Pottawatomie County,KS,862
20151,Pratt County,KS,736
20153,Rawlins County,KS,1070
20155,Reno County,KS,1271
20157,Republic County,KS,720
20159,Rice County,KS,728
20161,Riley County,KS,622
20163,Rooks County,KS,895
20165,Rush County,KS,718
20167,Russell County,KS,899
20169,Saline County,KS,721
20171,Scott County,KS,718
20173,Sedgwick County,KS,1009
20175,Seward County,KS,641
20177,Shawnee County,KS,556
20179,Sheridan County,KS,897
20181,Sherman County,KS,1056
20183,Smith County,KS,897
20185,Stafford County,KS,795
20187,Stanton County,KS,680
20189,Stevens County,KS,728
20191,Sumner County,KS,1185
20193,Thomas County,KS,1075
20195,Trego County,KS,899
20197,Wabaunsee County,KS,800
20199,Wallace County,KS,914
20201,Washington County,KS,899
20203,Wichita County,KS,719
20205,Wilson County,KS,575
20207,Woodson County,KS,506
20209,Wyandotte County,KS,156
21001,Adair County,KY,412
21003,Allen County,KY,352
21005,Anderson County,KY,204
21007,Ballard County,KY,274
21009,Barren County,KY,500
21011,Bath County,KY,284
21013,Bell County,KY,361
21015,Boone County,KY,257
21017,Bourbon County,KY,292
21019,Boyd County,KY,162
21021,Boyle County,KY,183
21023,Bracken County,KY,209
21025,Breathitt County,KY,495
21027,Breckinridge County,KY,586
21029,Bullitt County,KY,300
21031,Butler County,KY,432
21033,Caldwell County,KY,348
21035,Calloway County,KY,411
21037,Campbell County,KY,159
21039,Carlisle County,KY,199
21041,Carroll County,KY,137
21043,Carter County,KY,412
21045,Casey County,KY,446
21047,Christian County,KY,724
21049,Clark County,KY,255
21051,Clay County,KY,471
21053,Clinton County,KY,206
21055,Crittenden County,KY,371
21057,Cumberland County,KY,311
21059,Daviess County,KY,476
21061,Edmonson County,KY,308
21063,Elliott County,KY,235
21065,Estill County,KY,256
21067,Fayette County,KY,286
21069,Fleming County,KY,351
21071,Floyd County,KY,395
21073,Franklin County,KY,212
21075,Fulton County,KY,231
21077,Gallatin County,KY,105
21079,Garrard County,KY,234
21081,Grant County,KY,261
21083,Graves County,KY,557
21085,Grayson County,KY,511
21087,Green County,KY,289
21089,Greenup County,KY,355
21091,Hancock County,KY,199
21093,Hardin County,KY,630
21095,Harlan County,KY,468
21097,Harrison County,KY,310
21099,Hart County,KY,418
21101,Henderson County,KY,467
21103,Henry County,KY,291
21105,Hickman County,KY,253
21107,Hopkins County,KY,554
21109,Jackson County,KY,347
21111,Jefferson County,KY,399
21113,Jessamine County,KY,174
21115,Johnson County,KY,264
21117,Kenton County,KY,165
21119,Knott County,KY,353
21121,Knox County,KY,388
21123,Larue County,KY,264
21125,Laurel County,KY,444
21127,Lawrence County,KY,420
21129,Lee County,KY,211
21131,Leslie County,KY,404
21133,Letcher County,KY,339
21135,Lewis County,KY,496
21137,Lincoln County,KY,337
21139,Livingston County,KY,342
21141,Logan County,KY,557
21143,Lyon County,KY,256
21145,McCracken County,KY,268
21147,McCreary County,KY,431
21149,McLean County,KY,256
21151,Madison County,KY,443
21153,Magoffin County,KY,309
21155,Marion County,KY,347
21157,Marshall County,KY,340
21159,Martin County,KY,231
21161,Mason County,KY,247
21163,Meade County,KY,324
21165,Menifee County,KY,206
21167,Mercer County,KY,253
21169,Metcalfe County,KY,291
21171,Monroe County,KY,332
21173,Montgomery County,KY,199
21175,Morgan County,KY,384
21177,Muhlenberg County,KY,479
21179,Nelson County,KY,424
21181,Nicholas County,KY,197
21183,Ohio County,KY,597
21185,Oldham County,KY,197
21187,Owen County,KY,354
21189,Owsley County,KY,198
21191,Pendleton County,KY,281
21193,Perry County,KY,343
21195,Pike County,KY,789
21197,Powell County,KY,180
21199,Pulaski County,KY,677
21201,Robertson County,KY,100
21203,Rockcastle County,KY,318
21205,Rowan County,KY,286
21207,Russell County,KY,283
21209,Scott County,KY,285
21211,Shelby County,KY,386
21213,Simpson County,KY,236
21215,Spencer County,KY,192
21217,Taylor County,KY,277
21219,Todd County,KY,377
21221,Trigg County,KY,481
21223,Trimble County,KY,156
21225,Union County,KY,363
21227,Warren County,KY,548
21229,Washington County,KY,302
21231,Wayne County,KY,484
21233,Webster County,KY,336
21235,Whitley County,KY,445
21237,Wolfe County,KY,223
21239,Woodford County,KY,192
22001,Acadia Parish,LA,658
22003,Allen Parish,LA,766
22005,Ascension Parish,LA,303
22007,Assumption Parish,LA,365
22009,Avoyelles Parish,LA,866
22011,Beauregard Parish,LA,1166
22013,Bienville Parish,LA,822
22015,Bossier Parish,LA,867
22017,Caddo Parish,LA,937
22019,Calcasieu Parish,LA,1094
22021,Caldwell Parish,LA,541
22023,Cameron Parish,LA,1932
22025,Catahoula Parish,LA,740
22027,Claiborne Parish,LA,768
22029,Concordia Parish,LA,749
22031,De Soto Parish,LA,895
22033,East Baton Rouge Parish,LA,471
22035,East Carroll Parish,LA,442
22037,East Feliciana Parish,LA,456
22039,Evangeline Parish,LA,680
22041,Franklin Parish,LA,635
22043,Grant Parish,LA,665
22045,Iberia Parish,LA,1031
22047,Iberville Parish,LA,653
22049,Jackson Parish,LA,580
22051,Jefferson Parish,LA,642
22053,Jefferson Davis Parish,LA,659
22055,Lafayette Parish,LA,270
22057,Lafourche Parish,LA,1472
22059,La Salle Parish,LA,662
22061,Lincoln Parish,LA,472
22063,Livingston Parish,LA,703
22065,Madison Parish,LA,651
22067,Morehouse Parish,LA,805
22069,Natchitoches Parish,LA,1299
22071,Orleans Parish,LA,350
22073,Ouachita Parish,LA,633
22075,Plaquemines Parish,LA,2429
22077,Pointe Coupee Parish,LA,591
22079,Rapides Parish,LA,1362
22081,Red River Parish,LA,402
22083,Richland Parish,LA,565
22085,Sabine Parish,LA,1012
22087,St. Bernard Parish,LA,1794
22089,St. Charles Parish,LA,410
22091,St. Helena Parish,LA,409
22093,St. James Parish,LA,258
22095,St. John the Baptist Parish,LA,348
22097,St. Landry Parish,LA,939
22099,St. Martin Parish,LA,817
22101,St. Mary Parish,LA,1119
22103,St. Tammany Parish,LA,1124
22105,Tangipahoa Parish,LA,823
22107,Tensas Parish,LA,641
22109,Terrebonne Parish,LA,2080
22111,Union Parish,LA,905
22113,Vermilion Parish,LA,1538
22115,Vernon Parish,LA,1342
22117,Washington Parish,LA,676
22119,Webster Parish,LA,615
22121,West Baton Rouge Parish,LA,204
22123,West Carroll Parish,LA,360
22125,West Feliciana Parish,LA,426
22127,Winn Parish,LA,957
23001,Androscoggin County,ME,497
23003,Aroostook County,ME,6829
23005,Cumberland County,ME,1217
23007,Franklin County,ME,1744
23009,Hancock County,ME,2351
23011,Kennebec County,ME,951
23013,Knox County,ME,1142
23015,Lincoln County,ME,700
23017,Oxford County,ME,2175
23019,Penobscot County,ME,3556
23021,Piscataquis County,ME,4378
23023,Sagadahoc County,ME,370
23025,Somerset County,ME,4096
23027,Waldo County,ME,853
23029,Washington County,ME,3255
23031,York County,ME,1271
24001,Allegany County,MD,430
24003,Anne Arundel County,MD,588
24005,Baltimore County,MD,682
24009,Calvert County,MD,345
24011,Caroline County,MD,326
24013,Carroll County,MD,452
24015,Cecil County,MD,418
24017,Charles County,MD,643
24019,Dorchester County,MD,983
24021,Frederick County,MD,667
24023,Garrett County,MD,656
24025,Harford County,MD,527
24027,Howard County,MD,254
24029,Kent County,MD,414
24031,Montgomery County,MD,506
24033,Prince George's County,MD,499
24035,Queen Anne's County,MD,510
24037,St. Mary's County,MD,765
24039,Somerset County,MD,611
24041,Talbot County,MD,477
24043,Washington County,MD,468
24045,Wicomico County,MD,400
24047,Worcester County,MD,695
24510,Baltimore city,MD,92
25001,Barnstable County,MA,1306
25003,Berkshire County,MA,946
25005,Bristol County,MA,691
25007,Dukes County,MA,491
25009,Essex County,MA,829
25011,Franklin County,MA,725
25013,Hampden County,MA,634
25015,Hampshire County,MA,545
25017,Middlesex County,MA,848
25019,Nantucket County,MA,303
25021,Norfolk County,MA,444
25023,Plymouth County,MA,1093
25025,Suffolk County,MA,120
25027,Worcester County,MA,1579
26001,Alcona County,MI,1791
26003,Alger County,MI,5044
26005,Allegan County,MI,1834
26007,Alpena County,MI,1695
26009,Antrim County,MI,602
26011,Arenac County,MI,681
26013,Baraga County,MI,1069
26015,Barry County,MI,577
26017,Bay County,MI,631
26019,Benzie County,MI,860
26021,Berrien County,MI,1581
26023,Branch County,MI,520
26025,Calhoun County,MI,718
26027,Cass County,MI,509
26029,Charlevoix County,MI,1391
26031,Cheboygan County,MI,885
26033,Chippewa County,MI,2698
26035,Clare County,MI,575
26037,Clinton County,MI,575
26039,Crawford County,MI,563
26041,Delta County,MI,1992
26043,Dickinson County,MI,777
26045,Eaton County,MI,579
26047,Emmet County,MI,882
26049,Genesee County,MI,649
26051,Gladwin County,MI,516
26053,Gogebic County,MI,1477
26055,Grand Traverse County,MI,601
26057,Gratiot County,MI,572
26059,Hillsdale County,MI,607
26061,Houghton County,MI,1502
26063,Huron County,MI,2137
26065,Ingham County,MI,561
26067,Ionia County,MI,580
26069,Iosco County,MI,1891
26071,Iron County,MI,1211
26073,Isabella County,MI,578
26075,Jackson County,MI,724
26077,Kalamazoo County,MI,580
26079,Kalkaska County,MI,571
26081,Kent County,MI,872
26083,Keweenaw County,MI,6060
26085,Lake County,MI,575
26087,Lapeer County,MI,663
26089,Leelanau County,MI,2533
26091,Lenawee County,MI,761
26093,Livingston County,MI,585
26095,Luce County,MI,1912
26097,Mackinac County,MI,2101
26099,Macomb County,MI,570
26101,Manistee County,MI,1281
26103,Marquette County,MI,3427
26105,Mason County,MI,1242
26107,Mecosta County,MI,571
26109,Menominee County,MI,1338
26111,Midland County,MI,528
26113,Missaukee County,MI,574
26115,Monroe County,MI,680
26117,Montcalm County,MI,721
26119,Montmorency County,MI,562
26121,Muskegon County,MI,1459
26123,Newaygo County,MI,861
26125,Oakland County,MI,908
26127,Oceana County,MI,1307
26129,Ogemaw County,MI,575
26131,Ontonagon County,MI,3741
26133,Osceola County,MI,573
26135,Oscoda County,MI,572
26137,Otsego County,MI,526
26139,Ottawa County,MI,1632
26141,Presque Isle County,MI,2573
26143,Roscommon County,MI,580
26145,Saginaw County,MI,816
26147,St. Clair County,MI,833
26149,St. Joseph County,MI,521
26151,Sanilac County,MI,1591
26153,Schoolcraft County,MI,1884
26155,Shiawassee County,MI,541
26157,Tuscola County,MI,914
26159,Van Buren County,MI,1090
26161,Washtenaw County,MI,723
26163,Wayne County,MI,672
26165,Wexford County,MI,576
27001,Aitkin County,MN,1995
27003,Anoka County,MN,446
27005,Becker County,MN,1445
27007,Beltrami County,MN,3056
27009,Benton County,MN,413
27011,Big Stone County,MN,528
27013,Blue Earth County,MN,766
27015,Brown County,MN,619
27017,Carlton County,MN,875
27019,Carver County,MN,376
27021,Cass County,MN,2414
27023,Chippewa County,MN,588
27025,Chisago County,MN,443
27027,Clay County,MN,1053
27029,Clearwater County,MN,1030
27031,Cook County,MN,3339
27033,Cottonwood County,MN,649
27035,Crow Wing County,MN,1157
27037,Dakota County,MN,586
27039,Dodge County,MN,440
27041,Douglas County,MN,720
27043,Faribault County,MN,722
27045,Fillmore County,MN,862
27047,Freeborn County,MN,723
27049,Goodhue County,MN,780
27051,Grant County,MN,575
27053,Hennepin County,MN,606
27055,Houston County,MN,569
27057,Hubbard County,MN,999
27059,Isanti County,MN,452
27061,Itasca County,MN,2928
27063,Jackson County,MN,720
27065,Kanabec County,MN,533
27067,Kandiyohi County,MN,862
27069,Kittson County,MN,1104
27071,Koochiching County,MN,3154
27073,Lac qui Parle County,MN,778
27075,Lake County,MN,2991
27077,Lake of the Woods County,MN,1775
27079,Le Sueur County,MN,474
27081,Lincoln County,MN,548
27083,Lyon County,MN,721
27085,McLeod County,MN,506
27087,Mahnomen County,MN,583
27089,Marshall County,MN,1813
27091,Martin County,MN,730
27093,Meeker County,MN,645
27095,Mille Lacs County,MN,682
27097,Morrison County,MN,1153
27099,Mower County,MN,712
27101,Murray County,MN,720
27103,Nicollet County,MN,467
27105,Nobles County,MN,722
27107,Norman County,MN,877
27109,Olmsted County,MN,655
27111,Otter Tail County,MN,2225
27113,Pennington County,MN,618
27115,Pine County,MN,1435
27117,Pipestone County,MN,466
27119,Polk County,MN,1998
27121,Pope County,MN,717
27123,Ramsey County,MN,170
27125,Red Lake County,MN,433
27127,Redwood County,MN,881
27129,Renville County,MN,987
27131,Rice County,MN,516
27133,Rock County,MN,483
27135,Roseau County,MN,1678
27137,St. Louis County,MN,6861
27139,Scott County,MN,369
27141,Sherburne County,MN,451
27143,Sibley County,MN,600
27145,Stearns County,MN,1390
27147,Steele County,MN,432
27149,Stevens County,MN,575
27151,Swift County,MN,752
27153,Todd County,MN,979
27155,Traverse County,MN,586
27157,Wabasha County,MN,550
27159,Wadena County,MN,543
27161,Waseca County,MN,433
27163,Washington County,MN,423
27165,Watonwan County,MN,440
27167,Wilkin County,MN,752
27169,Winona County,MN,642
27171,Wright County,MN,714
27173,Yellow Medicine County,MN,763
28001,Adams County,MS,486
28003,Alcorn County,MS,401
28005,Amite County,MS,732
28007,Attala County,MS,737
28009,Benton County,MS,409
28011,Bolivar County,MS,906
28013,Calhoun County,MS,588
28015,Carroll County,MS,635
28017,Chickasaw County,MS,504
28019,Choctaw County,MS,420
28021,Claiborne County,MS,501
28023,Clarke County,MS,693
28025,Clay County,MS,416
28027,Coahoma County,MS,583
28029,Copiah County,MS,779
28031,Covington County,MS,415
28033,DeSoto County,MS,497
28035,Forrest County,MS,470
28037,Franklin County,MS,567
28039,George County,MS,484
28041,Greene County,MS,719
28043,Grenada County,MS,449
28045,Hancock County,MS,553
28047,Harrison County,MS,976
28049,Hinds County,MS,877
28051,Holmes County,MS,764
28053,Humphreys County,MS,431
28055,Issaquena County,MS,441
28057,Itawamba County,MS,540
28059,Jackson County,MS,1043
28061,Jasper County,MS,677
28063,Jefferson County,MS,527
28065,Jefferson Davis County,MS,409
28067,Jones County,MS,700
28069,Kemper County,MS,767
28071,Lafayette County,MS,679
28073,Lamar County,MS,501
28075,Lauderdale County,MS,715
28077,Lawrence County,MS,436
28079,Leake County,MS,585
28081,Lee County,MS,453
28083,Leflore County,MS,606
28085,Lincoln County,MS,588
28087,Lowndes County,MS,516
28089,Madison County,MS,742
28091,Marion County,MS,549
28093,Marshall County,MS,710
28095,Monroe County,MS,772
28097,Montgomery County,MS,408
28099,Neshoba County,MS,572
28101,Newton County,MS,580
28103,Noxubee County,MS,700
28105,Oktibbeha County,MS,462
28107,Panola County,MS,705
28109,Pearl River County,MS,819
28111,Perry County,MS,650
28113,Pike County,MS,411
28115,Pontotoc County,MS,501
28117,Prentiss County,MS,418
28119,Quitman County,MS,407
28121,Rankin County,MS,806
28123,Scott County,MS,610
28125,Sharkey County,MS,435
28127,Simpson County,MS,591
28129,Smith County,MS,637
28131,Stone County,MS,448
28133,Sunflower County,MS,707
28135,Tallahatchie County,MS,652
28137,Tate County,MS,411
28139,Tippah County,MS,460
28141,Tishomingo County,MS,445
28143,Tunica County,MS,481
28145,Union County,MS,417
28147,Walthall County,MS,404
28149,Warren County,MS,619
28151,Washington County,MS,761
28153,Wayne County,MS,814
28155,Webster County,MS,423
28157,Wilkinson County,MS,688
28159,Winston County,MS,610
28161,Yalobusha County,MS,495
28163,Yazoo County,MS,934
29001,Adair County,MO,569
29003,Andrew County,MO,437
29005,Atchison County,MO,547
29007,Audrain County,MO,697
29009,Barry County,MO,791
29011,Barton County,MO,597
29013,Bates County,MO,851
29015,Benton County,MO,753
29017,Bollinger County,MO,621
29019,Boone County,MO,691
29021,Buchanan County,MO,415
29023,Butler County,MO,699
29025,Caldwell County,MO,430
29027,Callaway County,MO,847
29029,Camden County,MO,709
29031,Cape Girardeau County,MO,586
29033,Carroll County,MO,702
29035,Carter County,MO,509
29037,Cass County,MO,703
29039,Cedar County,MO,499
29041,Chariton County,MO,768
29043,Christian County,MO,564
29045,Clark County,MO,512
29047,Clay County,MO,409
29049,Clinton County,MO,424
29051,Cole County,MO,399
29053,Cooper County,MO,570
29055,Crawford County,MO,744
29057,Dade County,MO,506
29059,Dallas County,MO,543
29061,Daviess County,MO,569
29063,DeKalb County,MO,426
29065,Dent County,MO,755
29067,Douglas County,MO,815
29069,Dunklin County,MO,547
29071,Franklin County,MO,930
29073,Gasconade County,MO,525
29075,Gentry County,MO,492
29077,Greene County,MO,678
29079,Grundy County,MO,438
29081,Harrison County,MO,727
29083,Henry County,MO,733
29085,Hickory County,MO,412
29087,Holt County,MO,469
29089,Howard County,MO,471
29091,Howell County,MO,928
29093,Iron County,MO,552
29095,Jackson County,MO,616
29097,Jasper County,MO,641
29099,Jefferson County,MO,664
29101,Johnson County,MO,833
29103,Knox County,MO,507
29105,Laclede County,MO,768
29107,Lafayette County,MO,639
29109,Lawrence County,MO,613
29111,Lewis County,MO,511
29113,Lincoln County,MO,640
29115,Linn County,MO,622
29117,Livingston County,MO,539
29119,McDonald County,MO,540
29121,Macon County,MO,813
29123,Madison County,MO,498
29125,Maries County,MO,530
29127,Marion County,MO,444
29129,Mercer County,MO,455
29131,Miller County,MO,600
29133,Mississippi County,MO,429
29135,Moniteau County,MO,419
29137,Monroe County,MO,670
29139,Montgomery County,MO,542
29141,Morgan County,MO,614
29143,New Madrid County,MO,698
29145,Newton County,MO,627
29147,Nodaway County,MO,878
29149,Oregon County,MO,792
29151,Osage County,MO,613
29153,Ozark County,MO,755
29155,Pemiscot County,MO,512
29157,Perry County,MO,484
29159,Pettis County,MO,686
29161,Phelps County,MO,674
29163,Pike County,MO,685
29165,Platte County,MO,427
29167,Polk County,MO,643
29169,Pulaski County,MO,551
29171,Putnam County,MO,520
29173,Ralls County,MO,484
29175,Randolph County,MO,488
29177,Ray County,MO,574
29179,Reynolds County,MO,814
29181,Ripley County,MO,632
29183,St. Charles County,MO,594
29185,St. Clair County,MO,702
29186,Ste. Genevieve County,MO,509
29187,St. Francois County,MO,452
29189,St. Louis County,MO,524
29195,Saline County,MO,765
29197,Schuyler County,MO,308
29199,Scotland County,MO,439
29201,Scott County,MO,426
29203,Shannon County,MO,1004
29205,Shelby County,MO,502
29207,Stoddard County,MO,829
29209,Stone County,MO,511
29211,Sullivan County,MO,651
29213,Taney County,MO,652
29215,Texas County,MO,1179
29217,Vernon County,MO,837
29219,Warren County,MO,438
29221,Washington County,MO,763
29223,Wayne County,MO,774
29225,Webster County,MO,594
29227,Worth County,MO,267
29229,Wright County,MO,683
29510,St. Louis city,MO,66
30001,Beaverhead County,MT,5572
30003,Big Horn County,MT,5015
30005,Blaine County,MT,4239
30007,Broadwater County,MT,1239
30009,Carbon County,MT,2062
30011,Carter County,MT,3348
30013,Cascade County,MT,2712
30015,Chouteau County,MT,3997
30017,Custer County,MT,3793
30019,Daniels County,MT,1427
30021,Dawson County,MT,2383
30023,Deer Lodge County,MT,741
30025,Fallon County,MT,1623
30027,Fergus County,MT,4351
30029,Flathead County,MT,5257
30031,Gallatin County,MT,2533
30033,Garfield County,MT,4848
30035,Glacier County,MT,3037
30037,Golden Valley County,MT,1176
30039,Granite County,MT,1733
30041,Hill County,MT,2916
30043,Jefferson County,MT,1659
30045,Judith Basin County,MT,1871
30047,Lake County,MT,1654
30049,Lewis and Clark County,MT,3498
30051,Liberty County,MT,1447
30053,Lincoln County,MT,3675
30055,McCone County,MT,2683
30057,Madison County,MT,3603
30059,Meagher County,MT,2395
30061,Mineral County,MT,1223
30063,Missoula County,MT,2618
30065,Musselshell County,MT,1871
30067,Park County,MT,2667
30069,Petroleum County,MT,1674
30071,Phillips County,MT,5212
30073,Pondera County,MT,1640
30075,Powder River County,MT,3298
30077,Powell County,MT,2333
30079,Prairie County,MT,1743
30081,Ravalli County,MT,2400
30083,Richland County,MT,2103
30085,Roosevelt County,MT,2370
30087,Rosebud County,MT,5027
30089,Sanders County,MT,2790
30091,Sheridan County,MT,1706
30093,Silver Bow County,MT,719
30095,Stillwater County,MT,1805
30097,Sweet Grass County,MT,1862
30099,Teton County,MT,2293
30101,Toole County,MT,1946
30103,Treasure County,MT,984
30105,Valley County,MT,5062
30107,Wheatland County,MT,1428
30109,Wibaux County,MT,890
30111,Yellowstone County,MT,2649
31001,Adams County,NE,564
31003,Antelope County,NE,858
31005,Arthur County,NE,718
31007,Banner County,NE,746
31009,Blaine County,NE,714
31011,Boone County,NE,687
31013,Box Butte County,NE,1078
31015,Boyd County,NE,545
31017,Brown County,NE,1225
31019,Buffalo County,NE,975
31021,Burt County,NE,497
31023,Butler County,NE,584
31025,Cass County,NE,566
31027,Cedar County,NE,746
31029,Chase County,NE,898
31031,Cherry County,NE,6010
31033,Cheyenne County,NE,1197
31035,Clay County,NE,574
31037,Colfax County,NE,419
31039,Cuming County,NE,575
31041,Custer County,NE,2576
31043,Dakota County,NE,267
31045,Dawes County,NE,1401
31047,Dawson County,NE,1019
31049,Deuel County,NE,441
31051,Dixon County,NE,483
31053,Dodge County,NE,544
31055,Douglas County,NE,340
31057,Dundy County,NE,921
31059,Fillmore County,NE,577
31061,Franklin County,NE,576
31063,Frontier County,NE,980
31065,Furnas County,NE,721
31067,Gage County,NE,860
31069,Garden County,NE,1731
31071,Garfield County,NE,571
31073,Gosper County,NE,463
31075,Grant County,NE,783
31077,Greeley County,NE,571
31079,Hall County,NE,552
31081,Hamilton County,NE,547
31083,Harlan County,NE,574
31085,Hayes County,NE,713
31087,Hitchcock County,NE,719
31089,Holt County,NE,2418
31091,Hooker County,NE,722
31093,Howard County,NE,576
31095,Jefferson County,NE,576
31097,Johnson County,NE,377
31099,Kearney County,NE,516
31101,Keith County,NE,1110
31103,Keya Paha County,NE,774
31105,Kimball County,NE,952
31107,Knox County,NE,1140
31109,Lancaster County,NE,847
31111,Lincoln County,NE,2575
31113,Logan County,NE,571
31115,Loup County,NE,571
31117,McPherson County,NE,860
31119,Madison County,NE,575
31121,Merrick County,NE,494
31123,Morrill County,NE,1430
31125,Nance County,NE,448
31127,Nemaha County,NE,412
31129,Nuckolls County,NE,576
31131,Otoe County,NE,619
31133,Pawnee County,NE,433
31135,Perkins County,NE,884
31137,Phelps County,NE,541
31139,Pierce County,NE,575
31141,Platte County,NE,689
31143,Polk County,NE,441
31145,Red Willow County,NE,718
31147,Richardson County,NE,556
31149,Rock County,NE,1012
31151,Saline County,NE,576
31153,Sarpy County,NE,247
31155,Saunders County,NE,759
31157,Scotts Bluff County,NE,746
31159,Seward County,NE,576
31161,Sheridan County,NE,2470
31163,Sherman County,NE,572
31165,Sioux County,NE,2067
31167,Stanton County,NE,431
31169,Thayer County,NE,575
31171,Thomas County,NE,714
31173,Thurston County,NE,396
31175,Valley County,NE,571
31177,Washington County,NE,394
31179,Wayne County,NE,444
31181,Webster County,NE,575
31183,Wheeler County,NE,576
31185,York County,NE,576
32001,Churchill County,NV,5024
32003,Clark County,NV,8091
32005,Douglas County,NV,738
32007,Elko County,NV,17204
32009,Esmeralda County,NV,3589
32011,Eureka County,NV,4180
32013,Humboldt County,NV,9658
32015,Lander County,NV,5520
32017,Lincoln County,NV,10637
32019,Lyon County,NV,2016
32021,Mineral County,NV,3813
32023,Nye County,NV,18160
32027,Pershing County,NV,6068
32029,Storey County,NV,264
32031,Washoe County,NV,6551
32033,White Pine County,NV,8897
32510,Carson City,NV,156
33001,Belknap County,NH,469
33003,Carroll County,NH,992
33005,Cheshire County,NH,729
33007,Coos County,NH,1832
33009,Grafton County,NH,1750
33011,Hillsborough County,NH,892
33013,Merrimack County,NH,957
33015,Rockingham County,NH,794
33017,Strafford County,NH,384
33019,Sullivan County,NH,552
34001,Atlantic County,NJ,671
34003,Bergen County,NJ,247
34005,Burlington County,NJ,819
34007,Camden County,NJ,228
34009,Cape May County,NJ,620
34011,Cumberland County,NJ,677
34013,Essex County,NJ,130
34015,Gloucester County,NJ,337
34017,Hudson County,NJ,62
34019,Hunterdon County,NJ,438
34021,Mercer County,NJ,229
34023,Middlesex County,NJ,323
34025,Monmouth County,NJ,665
34027,Morris County,NJ,481
34029,Ocean County,NJ,916
34031,Passaic County,NJ,197
34033,Salem County,NJ,373
34035,Somerset County,NJ,305
34037,Sussex County,NJ,536
34039,Union County,NJ,105
34041,Warren County,NJ,363
35001,Bernalillo County,NM,1169
35003,Catron County,NM,6929
35005,Chaves County,NM,6076
35006,Cibola County,NM,4542
35007,Colfax County,NM,3768
35009,Curry County,NM,1408
35011,De Baca County,NM,2334
35013,Doa Ana County,NM,3815
35015,Eddy County,NM,4198
35017,Grant County,NM,3968
35019,Guadalupe County,NM,3032
35021,Harding County,NM,2126
35023,Hidalgo County,NM,3446
35025,Lea County,NM,4394
35027,Lincoln County,NM,4832
35028,Los Alamos County,NM,109
35029,Luna County,NM,2966
35031,McKinley County,NM,5456
35033,Mora County,NM,1934
35035,Otero County,NM,6628
35037,Quay County,NM,2882
35039,Rio Arriba County,NM,5897
35041,Roosevelt County,NM,2455
35043,Sandoval County,NM,3715
35045,San Juan County,NM,5539
35047,San Miguel County,NM,4736
35049,Santa Fe County,NM,1911
35051,Sierra County,NM,4237
35053,Socorro County,NM,6649
35055,Taos County,NM,2205
35057,Torrance County,NM,3346
35059,Union County,NM,3831
35061,Valencia County,NM,1068
36001,Albany County,NY,533
36003,Allegany County,NY,1034
36005,Bronx County,NY,57
36007,Broome County,NY,716
36009,Cattaraugus County,NY,1322
36011,Cayuga County,NY,779
36013,Chautauqua County,NY,1500
36015,Chemung County,NY,411
36017,Chenango County,NY,899
36019,Clinton County,NY,1118
36021,Columbia County,NY,648
36023,Cortland County,NY,502
36025,Delaware County,NY,1468
36027,Dutchess County,NY,825
36029,Erie County,NY,1227
36031,Essex County,NY,1917
36033,Franklin County,NY,1698
36035,Fulton County,NY,533
36037,Genesee County,NY,495
36039,Greene County,NY,658
36041,Hamilton County,NY,1808
36043,Herkimer County,NY,1458
36045,Jefferson County,NY,1857
36047,Kings County,NY,97
36049,Lewis County,NY,1290
36051,Livingston County,NY,640
36053,Madison County,NY,662
36055,Monroe County,NY,1366
36057,Montgomery County,NY,410
36059,Nassau County,NY,453
36061,New York County,NY,34
36063,Niagara County,NY,1140
36065,Oneida County,NY,1257
36067,Onondaga County,NY,806
36069,Ontario County,NY,662
36071,Orange County,NY,839
36073,Orleans County,NY,818
36075,Oswego County,NY,1312
36077,Otsego County,NY,1015
36079,Putnam County,NY,246
36081,Queens County,NY,177
36083,Rensselaer County,NY,665
36085,Richmond County,NY,103
36087,Rockland County,NY,199
36089,St. Lawrence County,NY,2822
36091,Saratoga County,NY,844
36093,Schenectady County,NY,210
36095,Schoharie County,NY,626
36097,Schuyler County,NY,346
36099,Seneca County,NY,391
36101,Steuben County,NY,1404
36103,Suffolk County,NY,2373
36105,Sullivan County,NY,997
36107,Tioga County,NY,523
36109,Tompkins County,NY,492
36111,Ulster County,NY,1161
36113,Warren County,NY,932
36115,Washington County,NY,846
36117,Wayne County,NY,1384
36119,Westchester County,NY,500
36121,Wyoming County,NY,596
36123,Yates County,NY,372
37001,Alamance County,NC,435
37003,Alexander County,NC,263
37005,Alleghany County,NC,236
37007,Anson County,NC,537
37009,Ashe County,NC,427
37011,Avery County,NC,247
37013,Beaufort County,NC,958
37015,Bertie County,NC,741
37017,Bladen County,NC,887
37019,Brunswick County,NC,1050
37021,Buncombe County,NC,660
37023,Burke County,NC,515
37025,Cabarrus County,NC,365
37027,Caldwell County,NC,474
37029,Camden County,NC,306
37031,Carteret County,NC,1352
37033,Caswell County,NC,428
37035,Catawba County,NC,414
37037,Chatham County,NC,709
37039,Cherokee County,NC,467
37041,Chowan County,NC,233
37043,Clay County,NC,221
37045,Cleveland County,NC,468
37047,Columbus County,NC,954
37049,Craven County,NC,762
37051,Cumberland County,NC,659
37053,Currituck County,NC,526
37055,Dare County,NC,1562
37057,Davidson County,NC,567
37059,Davie County,NC,267
37061,Duplin County,NC,819
37063,Durham County,NC,298
37065,Edgecombe County,NC,507
37067,Forsyth County,NC,413
37069,Franklin County,NC,494
37071,Gaston County,NC,364
37073,Gates County,NC,346
37075,Graham County,NC,302
37077,Granville County,NC,537
37079,Greene County,NC,266
37081,Guilford County,NC,658
37083,Halifax County,NC,731
37085,Harnett County,NC,601
37087,Haywood County,NC,555
37089,Henderson County,NC,375
37091,Hertford County,NC,361
37093,Hoke County,NC,392
37095,Hyde County,NC,1424
37097,Iredell County,NC,593
37099,Jackson County,NC,494
37101,Johnston County,NC,796
37103,Jones County,NC,475
37105,Lee County,NC,259
37107,Lenoir County,NC,402
37109,Lincoln County,NC,307
37111,McDowell County,NC,446
37113,Macon County,NC,519
37115,Madison County,NC,452
37117,Martin County,NC,463
37119,Mecklenburg County,NC,550
37121,Mitchell County,NC,222
37123,Montgomery County,NC,501
37125,Moore County,NC,706
37127,Nash County,NC,543
37129,New Hanover County,NC,328
37131,Northampton County,NC,550
37133,Onslow County,NC,908
37135,Orange County,NC,401
37137,Pamlico County,NC,566
37139,Pasquotank County,NC,289
37141,Pender County,NC,933
37143,Perquimans County,NC,329
37145,Person County,NC,404
37147,Pitt County,NC,655
37149,Polk County,NC,239
37151,Randolph County,NC,790
37153,Richmond County,NC,480
37155,Robeson County,NC,951
37157,Rockingham County,NC,572
37159,Rowan County,NC,524
37161,Rutherford County,NC,566
37163,Sampson County,NC,948
37165,Scotland County,NC,321
37167,Stanly County,NC,404
37169,Stokes County,NC,456
37171,Surry County,NC,538
37173,Swain County,NC,541
37175,Transylvania County,NC,381
37177,Tyrrell County,NC,600
37179,Union County,NC,640
37181,Vance County,NC,270
37183,Wake County,NC,858
37185,Warren County,NC,444
37187,Washington County,NC,424
37189,Watauga County,NC,313
37191,Wayne County,NC,557
37193,Wilkes County,NC,760
37195,Wilson County,NC,374
37197,Yadkin County,NC,338
37199,Yancey County,NC,313
38001,Adams County,ND,989
38003,Barnes County,ND,1513
38005,Benson County,ND,1439
38007,Billings County,ND,1153
38009,Bottineau County,ND,1698
38011,Bowman County,ND,1167
38013,Burke County,ND,1129
38015,Burleigh County,ND,1668
38017,Cass County,ND,1768
38019,Cavalier County,ND,1510
38021,Dickey County,ND,1142
38023,Divide County,ND,1294
38025,Dunn County,ND,2082
38027,Eddy County,ND,644
38029,Emmons County,ND,1555
38031,Foster County,ND,647
38033,Golden Valley County,ND,1002
38035,Grand Forks County,ND,1440
38037,Grant County,ND,1666
38039,Griggs County,ND,716
38041,Hettinger County,ND,1134
38043,Kidder County,ND,1433
38045,LaMoure County,ND,1151
38047,Logan County,ND,1011
38049,McHenry County,ND,1912
38051,McIntosh County,ND,995
38053,McKenzie County,ND,2861
38055,McLean County,ND,2328
38057,Mercer County,ND,1112
38059,Morton County,ND,1945
38061,Mountrail County,ND,1941
38063,Nelson County,ND,1009
38065,Oliver County,ND,731
38067,Pembina County,ND,1122
38069,Pierce County,ND,1082
38071,Ramsey County,ND,1301
38073,Ransom County,ND,864
38075,Renville County,ND,892
38077,Richland County,ND,1446
38079,Rolette County,ND,939
38081,Sargent County,ND,867
38083,Sheridan County,ND,1006
38085,Sioux County,ND,1128
38087,Slope County,ND,1219
38089,Stark County,ND,1341
38091,Steele County,ND,716
38093,Stutsman County,ND,2298
38095,Towner County,ND,1042
38097,Traill County,ND,863
38099,Walsh County,ND,1294
38101,Ward County,ND,2056
38103,Wells County,ND,1291
38105,Williams County,ND,2148
39001,Adams County,OH,586
39003,Allen County,OH,407
39005,Ashland County,OH,427
39007,Ashtabula County,OH,1369
39009,Athens County,OH,509
39011,Auglaize County,OH,402
39013,Belmont County,OH,541
39015,Brown County,OH,495
39017,Butler County,OH,470
39019,Carroll County,OH,399
39021,Champaign County,OH,430
39023,Clark County,OH,404
39025,Clermont County,OH,458
39027,Clinton County,OH,412
39029,Columbiana County,OH,535
39031,Coshocton County,OH,568
39033,Crawford County,OH,403
39035,Cuyahoga County,OH,1246
39037,Darke County,OH,600
39039,Defiance County,OH,414
39041,Delaware County,OH,456
39043,Erie County,OH,626
39045,Fairfield County,OH,509
39047,Fayette County,OH,407
39049,Franklin County,OH,543
39051,Fulton County,OH,407
39053,Gallia County,OH,471
39055,Geauga County,OH,409
39057,Greene County,OH,416
39059,Guernsey County,OH,528
39061,Hamilton County,OH,413
39063,Hancock County,OH,534
39065,Hardin County,OH,471
39067,Harrison County,OH,411
39069,Henry County,OH,420
39071,Highland County,OH,558
39073,Hocking County,OH,424
39075,Holmes County,OH,424
39077,Huron County,OH,495
39079,Jackson County,OH,422
39081,Jefferson County,OH,411
39083,Knox County,OH,530
39085,Lake County,OH,979
39087,Lawrence County,OH,457
39089,Licking County,OH,688
39091,Logan County,OH,467
39093,Lorain County,OH,923
39095,Lucas County,OH,561
39097,Madison County,OH,466
39099,Mahoning County,OH,423
39101,Marion County,OH,404
39103,Medina County,OH,423
39105,Meigs County,OH,432
39107,Mercer County,OH,473
39109,Miami County,OH,409
39111,Monroe County,OH,457
39113,Montgomery County,OH,464
39115,Morgan County,OH,422
39117,Morrow County,OH,407
39119,Muskingum County,OH,673
39121,Noble County,OH,405
39123,Ottawa County,OH,620
39125,Paulding County,OH,419
39127,Perry County,OH,413
39129,Pickaway County,OH,507
39131,Pike County,OH,444
39133,Portage County,OH,507
39135,Preble County,OH,426
39137,Putnam County,OH,484
39139,Richland County,OH,500
39141,Ross County,OH,693
39143,Sandusky County,OH,418
39145,Scioto County,OH,616
39147,Seneca County,OH,552
39149,Shelby County,OH,411
39151,Stark County,OH,581
39153,Summit County,OH,420
39155,Trumbull County,OH,634
39157,Tuscarawas County,OH,572
39159,Union County,OH,437
39161,Van Wert County,OH,411
39163,Vinton County,OH,415
39165,Warren County,OH,407
39167,Washington County,OH,640
39169,Wayne County,OH,556
39171,Williams County,OH,423
39173,Wood County,OH,621
39175,Wyandot County,OH,408
40001,Adair County,OK,577
40003,Alfalfa County,OK,882
40005,Atoka County,OK,990
40007,Beaver County,OK,1818
40009,Beckham County,OK,904
40011,Blaine County,OK,939
40013,Bryan County,OK,943
40015,Caddo County,OK,1290
40017,Canadian County,OK,905
40019,Carter County,OK,834
40021,Cherokee County,OK,776
40023,Choctaw County,OK,801
40025,Cimarron County,OK,1841
40027,Cleveland County,OK,558
40029,Coal County,OK,521
40031,Comanche County,OK,1084
40033,Cotton County,OK,642
40035,Craig County,OK,763
40037,Creek County,OK,970
40039,Custer County,OK,1002
40041,Delaware County,OK,792
40043,Dewey County,OK,1008
40045,Ellis County,OK,1232
40047,Garfield County,OK,1060
40049,Garvin County,OK,814
40051,Grady County,OK,1105
40053,Grant County,OK,1004
40055,Greer County,OK,644
40057,Harmon County,OK,539
40059,Harper County,OK,1041
40061,Haskell County,OK,625
40063,Hughes County,OK,815
40065,Jackson County,OK,804
40067,Jefferson County,OK,774
40069,Johnston County,OK,658
40071,Kay County,OK,945
40073,Kingfisher County,OK,906
40075,Kiowa County,OK,1031
40077,Latimer County,OK,729
40079,Le Flore County,OK,1608
40081,Lincoln County,OK,966
40083,Logan County,OK,749
40085,Love County,OK,532
40087,McClain County,OK,580
40089,McCurtain County,OK,1901
40091,McIntosh County,OK,712
40093,Major County,OK,958
40095,Marshall County,OK,427
40097,Mayes County,OK,684
40099,Murray County,OK,425
40101,Muskogee County,OK,839
40103,Noble County,OK,743
40105,Nowata County,OK,581
40107,Okfuskee County,OK,629
40109,Oklahoma County,OK,718
40111,Okmulgee County,OK,702
40113,Osage County,OK,2304
40115,Ottawa County,OK,485
40117,Pawnee County,OK,595
40119,Payne County,OK,697
40121,Pittsburg County,OK,1378
40123,Pontotoc County,OK,726
40125,Pottawatomie County,OK,793
40127,Pushmataha County,OK,1423
40129,Roger Mills County,OK,1147
40131,Rogers County,OK,711
40133,Seminole County,OK,641
40135,Sequoyah County,OK,715
40137,Stephens County,OK,891
40139,Texas County,OK,2049
40141,Tillman County,OK,879
40143,Tulsa County,OK,587
40145,Wagoner County,OK,591
40147,Washington County,OK,424
40149,Washita County,OK,1009
40151,Woods County,OK,1290
40153,Woodward County,OK,1246
41001,Baker County,OR,3089
41003,Benton County,OR,679
41005,Clackamas County,OR,1879
41007,Clatsop County,OR,1085
41009,Columbia County,OR,688
41011,Coos County,OR,1806
41013,Crook County,OR,2988
41015,Curry County,OR,1989
41017,Deschutes County,OR,3055
41019,Douglas County,OR,5134
41021,Gilliam County,OR,1223
41023,Grant County,OR,4530
41025,Harney County,OR,10227
41027,Hood River County,OR,534
41029,Jackson County,OR,2802
41031,Jefferson County,OR,1791
41033,Josephine County,OR,1642
41035,Klamath County,OR,6136
41037,Lake County,OR,8359
41039,Lane County,OR,4722
41041,Lincoln County,OR,1194
41043,Linn County,OR,2309
41045,Malheur County,OR,9931
41047,Marion County,OR,1195
41049,Morrow County,OR,2049
41051,Multnomah County,OR,466
41053,Polk County,OR,744
41055,Sherman County,OR,831
41057,Tillamook County,OR,1333
41059,Umatilla County,OR,3231
41061,Union County,OR,2038
41063,Wallowa County,OR,3152
41065,Wasco County,OR,2395
41067,Washington County,OR,726
41069,Wheeler County,OR,1716
41071,Yamhill County,OR,718
42001,Adams County,PA,522
42003,Allegheny County,PA,745
42005,Armstrong County,PA,664
42007,Beaver County,PA,444
42009,Bedford County,PA,1017
42011,Berks County,PA,866
42013,Blair County,PA,527
42015,Bradford County,PA,1161
42017,Bucks County,PA,622
42019,Butler County,PA,795
42021,Cambria County,PA,693
42023,Cameron County,PA,399
42025,Carbon County,PA,389
42027,Centre County,PA,1112
42029,Chester County,PA,760
42031,Clarion County,PA,609
42033,Clearfield County,PA,1154
42035,Clinton County,PA,898
42037,Columbia County,PA,490
42039,Crawford County,PA,1038
42041,Cumberland County,PA,551
42043,Dauphin County,PA,558
42045,Delaware County,PA,191
42047,Elk County,PA,832
42049,Erie County,PA,1558
42051,Fayette County,PA,798
42053,Forest County,PA,431
42055,Franklin County,PA,773
42057,Fulton County,PA,438
42059,Greene County,PA,578
42061,Huntingdon County,PA,890
42063,Indiana County,PA,834
42065,Jefferson County,PA,657
42067,Juniata County,PA,394
42069,Lackawanna County,PA,465
42071,Lancaster County,PA,984
42073,Lawrence County,PA,363
42075,Lebanon County,PA,363
42077,Lehigh County,PA,348
42079,Luzerne County,PA,907
42081,Lycoming County,PA,1244
42083,McKean County,PA,984
42085,Mercer County,PA,683
42087,Mifflin County,PA,413
42089,Monroe County,PA,616
42091,Montgomery County,PA,487
42093,Montour County,PA,132
42095,Northampton County,PA,377
42097,Northumberland County,PA,477
42099,Perry County,PA,556
42101,Philadelphia County,PA,143
42103,Pike County,PA,567
42105,Potter County,PA,1081
42107,Schuylkill County,PA,783
42109,Snyder County,PA,332
42111,Somerset County,PA,1081
42113,Sullivan County,PA,452
42115,Susquehanna County,PA,832
42117,Tioga County,PA,1137
42119,Union County,PA,317
42121,Venango County,PA,683
42123,Warren County,PA,898
42125,Washington County,PA,861
42127,Wayne County,PA,751
42129,Westmoreland County,PA,1036
42131,Wyoming County,PA,405
42133,York County,PA,910
44001,Bristol County,RI,45
44003,Kent County,RI,188
44005,Newport County,RI,314
44007,Providence County,RI,436
44009,Washington County,RI,563
45001,Abbeville County,SC,511
45003,Aiken County,SC,1081
45005,Allendale County,SC,413
45007,Anderson County,SC,757
45009,Bamberg County,SC,395
45011,Barnwell County,SC,557
45013,Beaufort County,SC,923
45015,Berkeley County,SC,1229
45017,Calhoun County,SC,392
45019,Charleston County,SC,1357
45021,Cherokee County,SC,397
45023,Chester County,SC,586
45025,Chesterfield County,SC,806
45027,Clarendon County,SC,696
45029,Colleton County,SC,1132
45031,Darlington County,SC,568
45033,Dillon County,SC,407
45035,Dorchester County,SC,577
45037,Edgefield County,SC,507
45039,Fairfield County,SC,710
45041,Florence County,SC,803
45043,Georgetown County,SC,1035
45045,Greenville County,SC,797
45047,Greenwood County,SC,463
45049,Hampton County,SC,563
45051,Horry County,SC,1255
45053,Jasper County,SC,686
45055,Kershaw County,SC,740
45057,Lancaster County,SC,555
45059,Laurens County,SC,722
45061,Lee County,SC,411
45063,Lexington County,SC,759
45065,McCormick County,SC,394
45067,Marion County,SC,494
45069,Marlboro County,SC,485
45071,Newberry County,SC,647
45073,Oconee County,SC,674
45075,Orangeburg County,SC,1128
45077,Pickens County,SC,512
45079,Richland County,SC,772
45081,Saluda County,SC,461
45083,Spartanburg County,SC,819
45085,Sumter County,SC,682
45087,Union County,SC,516
45089,Williamsburg County,SC,937
45091,York County,SC,696
46003,Aurora County,SD,713
46005,Beadle County,SD,1265
46007,Bennett County,SD,1191
46009,Bon Homme County,SD,581
46011,Brookings County,SD,805
46013,Brown County,SD,1731
46015,Brule County,SD,847
46017,Buffalo County,SD,487
46019,Butte County,SD,2266
46021,Campbell County,SD,771
46023,Charles Mix County,SD,1150
46025,Clark County,SD,968
46027,Clay County,SD,417
46029,Codington County,SD,717
46031,Corson County,SD,2530
46033,Custer County,SD,1559
46035,Davison County,SD,437
46037,Day County,SD,1091
46039,Deuel County,SD,637
46041,Dewey County,SD,2446
46043,Douglas County,SD,434
46045,Edmunds County,SD,1151
46047,Fall River County,SD,1749
46049,Faulk County,SD,1006
46051,Grant County,SD,688
46053,Gregory County,SD,1054
46055,Haakon County,SD,1827
46057,Hamlin County,SD,538
46059,Hand County,SD,1440
46061,Hanson County,SD,436
46063,Harding County,SD,2678
46065,Hughes County,SD,800
46067,Hutchinson County,SD,814
46069,Hyde County,SD,867
46071,Jackson County,SD,1871
46073,Jerauld County,SD,533
46075,Jones County,SD,972
46077,Kingsbury County,SD,864
46079,Lake County,SD,575
46081,Lawrence County,SD,800
46083,Lincoln County,SD,579
46085,Lyman County,SD,1707
46087,McCook County,SD,577
46089,McPherson County,SD,1152
46091,Marshall County,SD,886
46093,Meade County,SD,3483
46095,Mellette County,SD,1310
46097,Miner County,SD,572
46099,Minnehaha County,SD,814
46101,Moody County,SD,521
46102,Oglala Lakota County,SD,2097
46103,Pennington County,SD,2784
46105,Perkins County,SD,2891
46107,Potter County,SD,898
46109,Roberts County,SD,1135
46111,Sanborn County,SD,570
46113,Shannon County,SD,2097
46115,Spink County,SD,1510
46117,Stanley County,SD,1517
46119,Sully County,SD,1070
46121,Todd County,SD,1391
46123,Tripp County,SD,1618
46125,Turner County,SD,618
46127,Union County,SD,467
46129,Walworth County,SD,744
46135,Yankton County,SD,533
46137,Ziebach County,SD,1971
47001,Anderson County,TN,345
47003,Bedford County,TN,475
47005,Benton County,TN,436
47007,Bledsoe County,TN,407
47009,Blount County,TN,567
47011,Bradley County,TN,332
47013,Campbell County,TN,498
47015,Cannon County,TN,266
47017,Carroll County,TN,600
47019,Carter County,TN,348
47021,Cheatham County,TN,307
47023,Chester County,TN,289
47025,Claiborne County,TN,442
47027,Clay County,TN,259
47029,Cocke County,TN,443
47031,Coffee County,TN,434
47033,Crockett County,TN,265
47035,Cumberland County,TN,685
47037,Davidson County,TN,526
47039,Decatur County,TN,345
47041,DeKalb County,TN,329
47043,Dickson County,TN,491
47045,Dyer County,TN,527
47047,Fayette County,TN,706
47049,Fentress County,TN,499
47051,Franklin County,TN,574
47053,Gibson County,TN,604
47055,Giles County,TN,611
47057,Grainger County,TN,302
47059,Greene County,TN,624
47061,Grundy County,TN,361
47063,Hamblen County,TN,176
47065,Hamilton County,TN,576
47067,Hancock County,TN,224
47069,Hardeman County,TN,670
47071,Hardin County,TN,596
47073,Hawkins County,TN,500
47075,Haywood County,TN,534
47077,Henderson County,TN,526
47079,Henry County,TN,593
47081,Hickman County,TN,613
47083,Houston County,TN,207
47085,Humphreys County,TN,557
47087,Jackson County,TN,320
47089,Jefferson County,TN,314
47091,Johnson County,TN,303
47093,Knox County,TN,526
47095,Lake County,TN,194
47097,Lauderdale County,TN,507
47099,Lawrence County,TN,618
47101,Lewis County,TN,283
47103,Lincoln County,TN,571
47105,Loudon County,TN,247
47107,McMinn County,TN,432
47109,McNairy County,TN,561
47111,Macon County,TN,307
47113,Madison County,TN,559
47115,Marion County,TN,514
47117,Marshall County,TN,376
47119,Maury County,TN,616
47121,Meigs County,TN,217
47123,Monroe County,TN,653
47125,Montgomery County,TN,544
47127,Moore County,TN,130
47129,Morgan County,TN,522
47131,Obion County,TN,555
47133,Overton County,TN,435
47135,Perry County,TN,423
47137,Pickett County,TN,175
47139,Polk County,TN,442
47141,Putnam County,TN,402
47143,Rhea County,TN,336
47145,Roane County,TN,395
47147,Robertson County,TN,477
47149,Rutherford County,TN,624
47151,Scott County,TN,533
47153,Sequatchie County,TN,266
47155,Sevier County,TN,598
47157,Shelby County,TN,784
47159,Smith County,TN,325
47161,Stewart County,TN,493
47163,Sullivan County,TN,430
47165,Sumner County,TN,543
47167,Tipton County,TN,475
47169,Trousdale County,TN,117
47171,Unicoi County,TN,186
47173,Union County,TN,247
47175,Van Buren County,TN,275
47177,Warren County,TN,434
47179,Washington County,TN,330
47181,Wayne County,TN,736
47183,Weakley County,TN,582
47185,White County,TN,380
47187,Williamson County,TN,584
47189,Wilson County,TN,583
48001,Anderson County,TX,1078
48003,Andrews County,TX,1501
48005,Angelina County,TX,865
48007,Aransas County,TX,528
48009,Archer County,TX,926
48011,Armstrong County,TX,914
48013,Atascosa County,TX,1236
48015,Austin County,TX,656
48017,Bailey County,TX,827
48019,Bandera County,TX,798
48021,Bastrop County,TX,896
48023,Baylor County,TX,901
48025,Bee County,TX,880
48027,Bell County,TX,1087
48029,Bexar County,TX,1257
48031,Blanco County,TX,713
48033,Borden County,TX,906
48035,Bosque County,TX,1003
48037,Bowie County,TX,923
48039,Brazoria County,TX,1598
48041,Brazos County,TX,590
48043,Brewster County,TX,6193
48045,Briscoe County,TX,902
48047,Brooks County,TX,944
48049,Brown County,TX,957
48051,Burleson County,TX,678
48053,Burnet County,TX,1020
48055,Caldwell County,TX,547
48057,Calhoun County,TX,1032
48059,Callahan County,TX,901
48061,Cameron County,TX,1276
48063,Camp County,TX,203
48065,Carson County,TX,924
48067,Cass County,TX,960
48069,Castro County,TX,899
48071,Chambers County,TX,869
48073,Cherokee County,TX,1062
48075,Childress County,TX,714
48077,Clay County,TX,1116
48079,Cochran County,TX,775
48081,Coke County,TX,928
48083,Coleman County,TX,1282
48085,Collin County,TX,886
48087,Collingsworth County,TX,919
48089,Colorado County,TX,974
48091,Comal County,TX,575
48093,Comanche County,TX,948
48095,Concho County,TX,994
48097,Cooke County,TX,899
48099,Coryell County,TX,1057
48101,Cottle County,TX,902
48103,Crane County,TX,786
48105,Crockett County,TX,2808
48107,Crosby County,TX,902
48109,Culberson County,TX,3813
48111,Dallam County,TX,1505
48113,Dallas County,TX,909
48115,Dawson County,TX,902
48117,Deaf Smith County,TX,1498
48119,Delta County,TX,278
48121,Denton County,TX,958
48123,DeWitt County,TX,911
48125,Dickens County,TX,905
48127,Dimmit County,TX,1335
48129,Donley County,TX,933
48131,Duval County,TX,1796
48133,Eastland County,TX,932
48135,Ector County,TX,902
48137,Edwards County,TX,2120
48139,Ellis County,TX,952
48141,El Paso County,TX,1015
48143,Erath County,TX,1090
48145,Falls County,TX,774
48147,Fannin County,TX,899
48149,Fayette County,TX,960
48151,Fisher County,TX,902
48153,Floyd County,TX,993
48155,Foard County,TX,708
48157,Fort Bend County,TX,886
48159,Franklin County,TX,295
48161,Freestone County,TX,892
48163,Frio County,TX,1134
48165,Gaines County,TX,1503
48167,Galveston County,TX,876
48169,Garza County,TX,896
48171,Gillespie County,TX,1062
48173,Glasscock County,TX,901
48175,Goliad County,TX,859
48177,Gonzales County,TX,1070
48179,Gray County,TX,929
48181,Grayson County,TX,979
48183,Gregg County,TX,276
48185,Grimes County,TX,801
48187,Guadalupe County,TX,714
48189,Hale County,TX,1005
48191,Hall County,TX,904
48193,Hamilton County,TX,836
48195,Hansford County,TX,920
48197,Hardeman County,TX,697
48199,Hardin County,TX,897
48201,Harris County,TX,1778
48203,Harrison County,TX,915
48205,Hartley County,TX,1463
48207,Haskell County,TX,910
48209,Hays County,TX,680
48211,Hemphill County,TX,912
48213,Henderson County,TX,949
48215,Hidalgo County,TX,1583
48217,Hill County,TX,986
48219,Hockley County,TX,909
48221,Hood County,TX,437
48223,Hopkins County,TX,793
48225,Houston County,TX,1237
48227,Howard County,TX,904
48229,Hudspeth County,TX,4572
48231,Hunt County,TX,882
48233,Hutchinson County,TX,895
48235,Irion County,TX,1052
48237,Jack County,TX,920
48239,Jackson County,TX,857
48241,Jasper County,TX,970
48243,Jeff Davis County,TX,2265
48245,Jefferson County,TX,1111
48247,Jim Hogg County,TX,1136
48249,Jim Wells County,TX,868
48251,Johnson County,TX,734
48253,Jones County,TX,937
48255,Karnes County,TX,754
48257,Kaufman County,TX,807
48259,Kendall County,TX,663
48261,Kenedy County,TX,1946
48263,Kent County,TX,903
48265,Kerr County,TX,1108
48267,Kimble County,TX,1251
48269,King County,TX,913
48271,Kinney County,TX,1365
48273,Kleberg County,TX,1091
48275,Knox County,TX,856
48277,Lamar County,TX,933
48279,Lamb County,TX,1018
48281,Lampasas County,TX,714
48283,La Salle County,TX,1494
48285,Lavaca County,TX,970
48287,Lee County,TX,634
48289,Leon County,TX,1080
48291,Liberty County,TX,1176
48293,Limestone County,TX,933
48295,Lipscomb County,TX,932
48297,Live Oak County,TX,1079
48299,Llano County,TX,966
48301,Loving County,TX,677
48303,Lubbock County,TX,901
48305,Lynn County,TX,894
48307,McCulloch County,TX,1073
48309,McLennan County,TX,1060
48311,McMullen County,TX,1143
48313,Madison County,TX,472
48315,Marion County,TX,420
48317,Martin County,TX,916
48319,Mason County,TX,932
48321,Matagorda County,TX,1612
48323,Maverick County,TX,1292
48325,Medina County,TX,1335
48327,Menard County,TX,902
48329,Midland County,TX,902
48331,Milam County,TX,1022
48333,Mills County,TX,750
48335,Mitchell County,TX,916
48337,Montague County,TX,939
48339,Montgomery County,TX,1077
48341,Moore County,TX,910
48343,Morris County,TX,259
48345,Motley County,TX,990
48347,Nacogdoches County,TX,981
48349,Navarro County,TX,1086
48351,Newton County,TX,940
48353,Nolan County,TX,914
48355,Nueces County,TX,1167
48357,Ochiltree County,TX,918
48359,Oldham County,TX,1502
48361,Orange County,TX,380
48363,Palo Pinto County,TX,986
48365,Panola County,TX,821
48367,Parker County,TX,910
48369,Parmer County,TX,885
48371,Pecos County,TX,4765
48373,Polk County,TX,1110
48375,Potter County,TX,922
48377,Presidio County,TX,3857
48379,Rains County,TX,259
48381,Randall County,TX,922
48383,Reagan County,TX,1176
48385,Real County,TX,700
48387,Red River County,TX,1058
48389,Reeves County,TX,2642
48391,Refugio County,TX,819
48393,Roberts County,TX,924
48395,Robertson County,TX,866
48397,Rockwall County,TX,149
48399,Runnels County,TX,1057
48401,Rusk County,TX,939
48403,Sabine County,TX,577
48405,San Augustine County,TX,592
48407,San Jacinto County,TX,628
48409,San Patricio County,TX,707
48411,San Saba County,TX,1138
48413,Schleicher County,TX,1311
48415,Scurry County,TX,908
48417,Shackelford County,TX,916
48419,Shelby County,TX,835
48421,Sherman County,TX,923
48423,Smith County,TX,950
48425,Somervell County,TX,192
48427,Starr County,TX,1229
48429,Stephens County,TX,922
48431,Sterling County,TX,924
48433,Stonewall County,TX,920
48435,Sutton County,TX,1455
48437,Swisher County,TX,901
48439,Tarrant County,TX,898
48441,Taylor County,TX,919
48443,Terrell County,TX,2358
48445,Terry County,TX,891
48447,Throckmorton County,TX,916
48449,Titus County,TX,426
48451,Tom Green County,TX,1541
48453,Travis County,TX,1022
48455,Trinity County,TX,714
48457,Tyler County,TX,936
48459,Upshur County,TX,593
48461,Upton County,TX,1242
48463,Uvalde County,TX,1559
48465,Val Verde County,TX,3233
48467,Van Zandt County,TX,860
48469,Victoria County,TX,889
48471,Walker County,TX,802
48473,Waller County,TX,518
48475,Ward County,TX,836
48477,Washington County,TX,621
48479,Webb County,TX,3376
48481,Wharton County,TX,1095
48483,Wheeler County,TX,915
48485,Wichita County,TX,633
48487,Wilbarger County,TX,978
48489,Willacy County,TX,784
48491,Williamson County,TX,1137
48493,Wilson County,TX,809
48495,Winkler County,TX,841
48497,Wise County,TX,923
48499,Wood County,TX,696
48501,Yoakum County,TX,800
48503,Young County,TX,931
48505,Zapata County,TX,1058
48507,Zavala County,TX,1302
49001,Beaver County,UT,2592
49003,Box Elder County,UT,6729
49005,Cache County,UT,1173
49007,Carbon County,UT,1485
49009,Daggett County,UT,723
49011,Davis County,UT,634
49013,Duchesne County,UT,3256
49015,Emery County,UT,4462
49017,Garfield County,UT,5209
49019,Grand County,UT,3694
49021,Iron County,UT,3302
49023,Juab County,UT,3406
49025,Kane County,UT,4109
49027,Millard County,UT,6829
49029,Morgan County,UT,611
49031,Piute County,UT,766
49033,Rich County,UT,1086
49035,Salt Lake County,UT,808
49037,San Juan County,UT,7934
49039,Sanpete County,UT,1603
49041,Sevier County,UT,1918
49043,Summit County,UT,1882
49045,Tooele County,UT,7288
49047,Uintah County,UT,4499
49049,Utah County,UT,2141
49051,Wasatch County,UT,1209
49053,Washington County,UT,2430
49055,Wayne County,UT,2467
49057,Weber County,UT,659
50001,Addison County,VT,808
50003,Bennington County,VT,678
50005,Caledonia County,VT,658
50007,Chittenden County,VT,620
50009,Essex County,VT,674
50011,Franklin County,VT,693
50013,Grand Isle County,VT,195
50015,Lamoille County,VT,463
50017,Orange County,VT,692
50019,Orleans County,VT,720
50021,Rutland County,VT,944
50023,Washington County,VT,696
50025,Windham County,VT,798
50027,Windsor County,VT,976
51001,Accomack County,VA,1310
51003,Albemarle County,VA,726
51005,Alleghany County,VA,447
51007,Amelia County,VA,359
51009,Amherst County,VA,479
51011,Appomattox County,VA,335
51013,Arlington County,VA,26
51015,Augusta County,VA,972
51017,Bath County,VA,535
51019,Bedford County,VA,769
51021,Bland County,VA,359
51023,Botetourt County,VA,546
51025,Brunswick County,VA,569
51027,Buchanan County,VA,504
51029,Buckingham County,VA,584
51031,Campbell County,VA,507
51033,Caroline County,VA,539
51035,Carroll County,VA,478
51036,Charles City County,VA,204
51037,Charlotte County,VA,477
51041,Chesterfield County,VA,438
51043,Clarke County,VA,178
51045,Craig County,VA,330
51047,Culpeper County,VA,382
51049,Cumberland County,VA,300
51051,Dickenson County,VA,335
51053,Dinwiddie County,VA,507
51057,Essex County,VA,286
51059,Fairfax County,VA,407
51061,Fauquier County,VA,652
51063,Floyd County,VA,381
51065,Fluvanna County,VA,290
51067,Franklin County,VA,712
51069,Frederick County,VA,416
51071,Giles County,VA,361
51073,Gloucester County,VA,288
51075,Goochland County,VA,290
51077,Grayson County,VA,446
51079,Greene County,VA,157
51081,Greensville County,VA,297
51083,Halifax County,VA,824
51085,Hanover County,VA,474
51087,Henrico County,VA,243
51089,Henry County,VA,384
51091,Highland County,VA,416
51093,Isle of Wight County,VA,363
51095,James City County,VA,180
51097,King and Queen County,VA,326
51099,King George County,VA,188
51101,King William County,VA,286
51103,Lancaster County,VA,231
51105,Lee County,VA,437
51107,Loudoun County,VA,521
51109,Louisa County,VA,511
51111,Lunenburg County,VA,432
51113,Madison County,VA,322
51115,Mathews County,VA,252
51117,Mecklenburg County,VA,679
51119,Middlesex County,VA,211
51121,Montgomery County,VA,389
51125,Nelson County,VA,474
51127,New Kent County,VA,224
51131,Northampton County,VA,795
51133,Northumberland County,VA,286
51135,Nottoway County,VA,316
51137,Orange County,VA,343
51139,Page County,VA,314
51141,Patrick County,VA,486
51143,Pittsylvania County,VA,978
51145,Powhatan County,VA,262
51147,Prince Edward County,VA,354
51149,Prince George County,VA,282
51153,Prince William County,VA,349
51155,Pulaski County,VA,330
51157,Rappahannock County,VA,267
51159,Richmond County,VA,216
51161,Roanoke County,VA,251
51163,Rockbridge County,VA,601
51165,Rockingham County,VA,853
51167,Russell County,VA,477
51169,Scott County,VA,539
51171,Shenandoah County,VA,513
51173,Smyth County,VA,452
51175,Southampton County,VA,603
51177,Spotsylvania County,VA,412
51179,Stafford County,VA,280
51181,Surry County,VA,310
51183,Sussex County,VA,493
51185,Tazewell County,VA,520
51187,Warren County,VA,216
51191,Washington County,VA,568
51193,Westmoreland County,VA,253
51195,Wise County,VA,405
51197,Wythe County,VA,465
51199,York County,VA,216
51510,Alexandria city,VA,15
51515,Bedford city,VA,7
51520,Bristol city,VA,12
51530,Buena Vista city,VA,7
51540,Charlottesville city,VA,10
51550,Chesapeake city,VA,351
51570,Colonial Heights city,VA,8
51580,Covington city,VA,4
51590,Danville city,VA,44
51595,Emporia city,VA,7
51600,Fairfax city,VA,6
51610,Falls Church city,VA,2
51620,Franklin city,VA,8
51630,Fredericksburg city,VA,11
51640,Galax city,VA,8
51650,Hampton city,VA,129
51660,Harrisonburg city,VA,18
51670,Hopewell city,VA,11
51678,Lexington city,VA,2
51680,Lynchburg city,VA,50
51683,Manassas city,VA,10
51685,Manassas Park city,VA,2
51690,Martinsville city,VA,11
51700,Newport News city,VA,119
51710,Norfolk city,VA,96
51720,Norton city,VA,7
51730,Petersburg city,VA,23
51735,Poquoson city,VA,78
51740,Portsmouth city,VA,47
51750,Radford city,VA,10
51760,Richmond city,VA,63
51770,Roanoke city,VA,43
51775,Salem city,VA,15
51790,Staunton city,VA,20
51800,Suffolk city,VA,429
51810,Virginia Beach city,VA,497
51820,Waynesboro city,VA,14
51830,Williamsburg city,VA,9
51840,Winchester city,VA,9
53001,Adams County,WA,1930
53003,Asotin County,WA,641
53005,Benton County,WA,1760
53007,Chelan County,WA,2994
53009,Clallam County,WA,2676
53011,Clark County,WA,656
53013,Columbia County,WA,874
53015,Cowlitz County,WA,1166
53017,Douglas County,WA,1849
53019,Ferry County,WA,2257
53021,Franklin County,WA,1265
53023,Garfield County,WA,718
53025,Grant County,WA,2791
53027,Grays Harbor County,WA,2225
53029,Island County,WA,517
53031,Jefferson County,WA,2178
53033,King County,WA,2307
53035,Kitsap County,WA,566
53037,Kittitas County,WA,2333
53039,Klickitat County,WA,1904
53041,Lewis County,WA,2436
53043,Lincoln County,WA,2340
53045,Mason County,WA,1051
53047,Okanogan County,WA,5315
53049,Pacific County,WA,1224
53051,Pend Oreille County,WA,1425
53053,Pierce County,WA,1807
53055,San Juan County,WA,621
53057,Skagit County,WA,1920
53059,Skamania County,WA,1684
53061,Snohomish County,WA,2197
53063,Spokane County,WA,1781
53065,Stevens County,WA,2541
53067,Thurston County,WA,774
53069,Wahkiakum County,WA,287
53071,Walla Walla County,WA,1299
53073,Whatcom County,WA,2504
53075,Whitman County,WA,2178
53077,Yakima County,WA,4312
54001,Barbour County,WV,343
54003,Berkeley County,WV,322
54005,Boone County,WV,503
54007,Braxton County,WV,516
54009,Brooke County,WV,92
54011,Cabell County,WV,288
54013,Calhoun County,WV,281
54015,Clay County,WV,344
54017,Doddridge County,WV,321
54019,Fayette County,WV,668
54021,Gilmer County,WV,340
54023,Grant County,WV,480
54025,Greenbrier County,WV,1024
54027,Hampshire County,WV,645
54029,Hancock County,WV,88
54031,Hardy County,WV,585
54033,Harrison County,WV,417
54035,Jackson County,WV,472
54037,Jefferson County,WV,212
54039,Kanawha County,WV,911
54041,Lewis County,WV,390
54043,Lincoln County,WV,439
54045,Logan County,WV,456
54047,McDowell County,WV,535
54049,Marion County,WV,312
54051,Marshall County,WV,312
54053,Mason County,WV,445
54055,Mercer County,WV,421
54057,Mineral County,WV,329
54059,Mingo County,WV,424
54061,Monongalia County,WV,366
54063,Monroe County,WV,474
54065,Morgan County,WV,230
54067,Nicholas County,WV,654
54069,Ohio County,WV,109
54071,Pendleton County,WV,698
54073,Pleasants County,WV,135
54075,Pocahontas County,WV,942
54077,Preston County,WV,651
54079,Putnam County,WV,350
54081,Raleigh County,WV,609
54083,Randolph County,WV,1040
54085,Ritchie County,WV,454
54087,Roane County,WV,484
54089,Summers County,WV,368
54091,Taylor County,WV,176
54093,Tucker County,WV,421
54095,Tyler County,WV,261
54097,Upshur County,WV,355
54099,Wayne County,WV,512
54101,Webster County,WV,556
54103,Wetzel County,WV,361
54105,Wirt County,WV,235
54107,Wood County,WV,377
54109,Wyoming County,WV,502
55001,Adams County,WI,689
55003,Ashland County,WI,2294
55005,Barron County,WI,890
55007,Bayfield County,WI,2042
55009,Brown County,WI,615
55011,Buffalo County,WI,710
55013,Burnett County,WI,880
55015,Calumet County,WI,397
55017,Chippewa County,WI,1041
55019,Clark County,WI,1219
55021,Columbia County,WI,796
55023,Crawford County,WI,599
55025,Dane County,WI,1238
55027,Dodge County,WI,907
55029,Door County,WI,2370
55031,Douglas County,WI,1480
55033,Dunn County,WI,864
55035,Eau Claire County,WI,645
55037,Florence County,WI,498
55039,Fond du Lac County,WI,766
55041,Forest County,WI,1046
55043,Grant County,WI,1183
55045,Green County,WI,585
55047,Green Lake County,WI,380
55049,Iowa County,WI,768
55051,Iron County,WI,919
55053,Jackson County,WI,1000
55055,Jefferson County,WI,583
55057,Juneau County,WI,804
55059,Kenosha County,WI,754
55061,Kewaunee County,WI,1085
55063,La Crosse County,WI,480
55065,Lafayette County,WI,635
55067,Langlade County,WI,888
55069,Lincoln County,WI,907
55071,Manitowoc County,WI,1494
55073,Marathon County,WI,1576
55075,Marinette County,WI,1550
55077,Marquette County,WI,464
55078,Menominee County,WI,365
55079,Milwaukee County,WI,1190
55081,Monroe County,WI,908
55083,Oconto County,WI,1149
55085,Oneida County,WI,1236
55087,Outagamie County,WI,644
55089,Ozaukee County,WI,1116
55091,Pepin County,WI,249
55093,Pierce County,WI,592
55095,Polk County,WI,956
55097,Portage County,WI,823
55099,Price County,WI,1279
55101,Racine County,WI,792
55103,Richland County,WI,589
55105,Rock County,WI,726
55107,Rusk County,WI,931
55109,St. Croix County,WI,736
55111,Sauk County,WI,849
55113,Sawyer County,WI,1350
55115,Shawano County,WI,909
55117,Sheboygan County,WI,1271
55119,Taylor County,WI,985
55121,Trempealeau County,WI,742
55123,Vernon County,WI,817
55125,Vilas County,WI,1018
55127,Walworth County,WI,577
55129,Washburn County,WI,853
55131,Washington County,WI,436
55133,Waukesha County,WI,581
55135,Waupaca County,WI,765
55137,Waushara County,WI,637
55139,Winnebago County,WI,579
55141,Wood County,WI,810
56001,Albany County,WY,4309
56003,Big Horn County,WY,3159
56005,Campbell County,WY,4802
56007,Carbon County,WY,7964
56009,Converse County,WY,4265
56011,Crook County,WY,2871
56013,Fremont County,WY,9266
56015,Goshen County,WY,2232
56017,Hot Springs County,WY,2006
56019,Johnson County,WY,4175
56021,Laramie County,WY,2688
56023,Lincoln County,WY,4089
56025,Natrona County,WY,5376
56027,Niobrara County,WY,2628
56029,Park County,WY,6969
56031,Platte County,WY,2111
56033,Sheridan County,WY,2527
56035,Sublette County,WY,4936
56037,Sweetwater County,WY,10492
56039,Teton County,WY,4222
56041,Uinta County,WY,2088
56043,Washakie County,WY,2243
56045,Weston County,WY,2400